"Competition_Name","Gender","Country","Season_End_Year","Round","Wk","Day","Date","Time","Home","HomeGoals","Home_xG","Away","AwayGoals","Away_xG","Attendance","Venue","Referee","Notes","MatchURL","ht","at"
"Fußball-Bundesliga","M","GER",2025,"Bundesliga","1","Fri",2024-08-23,"20:30","Gladbach",2,1.6,"Leverkusen",3,2.7,54042,"Stadion im Borussia-Park","Robert Schröder","","https://fbref.com/en/matches/d42e53df/Monchengladbach-Bayer-Leverkusen-August-23-2024-Bundesliga",7,11
"Fußball-Bundesliga","M","GER",2025,"Bundesliga","1","Sat",2024-08-24,"15:30","Hoffenheim",3,3.5,"Holstein Kiel",2,1.7,18503,"PreZero Arena","Tobias Stieler","","https://fbref.com/en/matches/b549a198/Hoffenheim-Holstein-Kiel-August-24-2024-Bundesliga",9,10
"Fußball-Bundesliga","M","GER",2025,"Bundesliga","1","Sat",2024-08-24,"15:30","Mainz 05",1,1.2,"Union Berlin",1,0.6,31500,"Mewa Arena","Harm Osmers","","https://fbref.com/en/matches/02dc2f7e/Mainz-05-Union-Berlin-August-24-2024-Bundesliga",12,16
"Fußball-Bundesliga","M","GER",2025,"Bundesliga","1","Sat",2024-08-24,"15:30","Augsburg",2,1,"Werder Bremen",2,1.4,30660,"WWK Arena","Sascha Stegemann","","https://fbref.com/en/matches/967de8db/Augsburg-Werder-Bremen-August-24-2024-Bundesliga",1,17
"Fußball-Bundesliga","M","GER",2025,"Bundesliga","1","Sat",2024-08-24,"15:30","Freiburg",3,2.1,"Stuttgart",1,0.4,34700,"Europa-Park Stadion","Tobias Welz","","https://fbref.com/en/matches/a64e4ea4/Freiburg-Stuttgart-August-24-2024-Bundesliga",6,15
"Fußball-Bundesliga","M","GER",2025,"Bundesliga","1","Sat",2024-08-24,"15:30","RB Leipzig",1,1.3,"Bochum",0,1,44611,"Red Bull Arena","Benjamin Brand","","https://fbref.com/en/matches/cd173a0a/RB-Leipzig-Bochum-August-24-2024-Bundesliga",13,3
"Fußball-Bundesliga","M","GER",2025,"Bundesliga","1","Sat",2024-08-24,"18:30","Dortmund",2,1.7,"Eint Frankfurt",0,1.4,81365,"Signal Iduna Park","Felix Zwayer","","https://fbref.com/en/matches/3750f4ea/Dortmund-Eintracht-Frankfurt-August-24-2024-Bundesliga",4,5
"Fußball-Bundesliga","M","GER",2025,"Bundesliga","1","Sun",2024-08-25,"15:30","Wolfsburg",2,1.9,"Bayern Munich",3,2.4,30000,"Volkswagen Arena","Daniel Siebert","","https://fbref.com/en/matches/48886f11/Wolfsburg-Bayern-Munich-August-25-2024-Bundesliga",18,2
"Fußball-Bundesliga","M","GER",2025,"Bundesliga","1","Sun",2024-08-25,"17:30","St. Pauli",0,1.2,"Heidenheim",2,1.1,29157,"Millerntor-Stadion","Sven Jablonski","","https://fbref.com/en/matches/26a137cc/St-Pauli-Heidenheim-August-25-2024-Bundesliga",14,8
"Fußball-Bundesliga","M","GER",2025,"Bundesliga","10","Fri",2024-11-08,"20:30","Union Berlin",0,0.7,"Freiburg",0,1.7,22012,"Stadion An der Alten Försterei","Tobias Reichel","","https://fbref.com/en/matches/05b458bf/Union-Berlin-Freiburg-November-8-2024-Bundesliga",16,6
"Fußball-Bundesliga","M","GER",2025,"Bundesliga","10","Sat",2024-11-09,"15:30","Bochum",1,0.7,"Leverkusen",1,1.2,26000,"Vonovia Ruhrstadion","Robert Hartmann","","https://fbref.com/en/matches/50ab5485/Bochum-Bayer-Leverkusen-November-9-2024-Bundesliga",3,11
"Fußball-Bundesliga","M","GER",2025,"Bundesliga","10","Sat",2024-11-09,"15:30","Werder Bremen",2,1.7,"Holstein Kiel",1,0.7,42100,"Weserstadion","Sören Storks","","https://fbref.com/en/matches/58ac698f/Werder-Bremen-Holstein-Kiel-November-9-2024-Bundesliga",17,10
"Fußball-Bundesliga","M","GER",2025,"Bundesliga","10","Sat",2024-11-09,"15:30","Mainz 05",3,2,"Dortmund",1,0.9,33000,"Mewa Arena","Florian Badstübner","","https://fbref.com/en/matches/ff7bcb61/Mainz-05-Dortmund-November-9-2024-Bundesliga",12,4
"Fußball-Bundesliga","M","GER",2025,"Bundesliga","10","Sat",2024-11-09,"15:30","St. Pauli",0,0.1,"Bayern Munich",1,0.8,29546,"Millerntor-Stadion","Timo Gerach","","https://fbref.com/en/matches/213e9aea/St-Pauli-Bayern-Munich-November-9-2024-Bundesliga",14,2
"Fußball-Bundesliga","M","GER",2025,"Bundesliga","10","Sat",2024-11-09,"18:30","RB Leipzig",0,1,"Gladbach",0,0.9,46887,"Red Bull Arena","Christian Dingert","","https://fbref.com/en/matches/639bf27f/RB-Leipzig-Monchengladbach-November-9-2024-Bundesliga",13,7
"Fußball-Bundesliga","M","GER",2025,"Bundesliga","10","Sun",2024-11-10,"15:30","Augsburg",0,0.9,"Hoffenheim",0,0.5,28300,"WWK Arena","Martin Petersen","","https://fbref.com/en/matches/67fa64af/Augsburg-Hoffenheim-November-10-2024-Bundesliga",1,9
"Fußball-Bundesliga","M","GER",2025,"Bundesliga","10","Sun",2024-11-10,"17:30","Stuttgart",2,2.5,"Eint Frankfurt",3,1.3,60000,"MHPArena","Felix Zwayer","","https://fbref.com/en/matches/2155226b/Stuttgart-Eintracht-Frankfurt-November-10-2024-Bundesliga",15,5
"Fußball-Bundesliga","M","GER",2025,"Bundesliga","10","Sun",2024-11-10,"19:30","Heidenheim",1,2.4,"Wolfsburg",3,1.5,15000,"Voith-Arena","Harm Osmers","","https://fbref.com/en/matches/27da1c68/Heidenheim-Wolfsburg-November-10-2024-Bundesliga",8,18
"Fußball-Bundesliga","M","GER",2025,"Bundesliga","11","Fri",2024-11-22,"20:30","Bayern Munich",3,3.7,"Augsburg",0,0.1,75000,"Allianz Arena","Daniel Schlager","","https://fbref.com/en/matches/797e3d3e/Bayern-Munich-Augsburg-November-22-2024-Bundesliga",2,1
"Fußball-Bundesliga","M","GER",2025,"Bundesliga","11","Sat",2024-11-23,"15:30","Wolfsburg",1,0.6,"Union Berlin",0,0.5,23861,"Volkswagen Arena","Tobias Stieler","","https://fbref.com/en/matches/16895d71/Wolfsburg-Union-Berlin-November-23-2024-Bundesliga",18,16
"Fußball-Bundesliga","M","GER",2025,"Bundesliga","11","Sat",2024-11-23,"15:30","Leverkusen",5,2.2,"Heidenheim",2,1.1,29103,"BayArena","Bastian Dankert","","https://fbref.com/en/matches/573e0883/Bayer-Leverkusen-Heidenheim-November-23-2024-Bundesliga",11,8
"Fußball-Bundesliga","M","GER",2025,"Bundesliga","11","Sat",2024-11-23,"15:30","Hoffenheim",4,2,"RB Leipzig",3,1.6,28023,"PreZero Arena","Frank Willenborg","","https://fbref.com/en/matches/b5f40472/Hoffenheim-RB-Leipzig-November-23-2024-Bundesliga",9,13
"Fußball-Bundesliga","M","GER",2025,"Bundesliga","11","Sat",2024-11-23,"15:30","Stuttgart",2,1.7,"Bochum",0,0.7,59000,"MHPArena","Benjamin Brand","","https://fbref.com/en/matches/9552b88a/Stuttgart-Bochum-November-23-2024-Bundesliga",15,3
"Fußball-Bundesliga","M","GER",2025,"Bundesliga","11","Sat",2024-11-23,"15:30","Dortmund",4,1.3,"Freiburg",0,0.8,81365,"Signal Iduna Park","Felix Brych","","https://fbref.com/en/matches/72699490/Dortmund-Freiburg-November-23-2024-Bundesliga",4,6
"Fußball-Bundesliga","M","GER",2025,"Bundesliga","11","Sat",2024-11-23,"18:30","Eint Frankfurt",1,1.1,"Werder Bremen",0,0.4,58000,"Deutsche Bank Park","Florian Badstübner","","https://fbref.com/en/matches/b410a6e3/Eintracht-Frankfurt-Werder-Bremen-November-23-2024-Bundesliga",5,17
"Fußball-Bundesliga","M","GER",2025,"Bundesliga","11","Sun",2024-11-24,"15:30","Holstein Kiel",0,0.4,"Mainz 05",3,2.2,14906,"Holstein-Stadion","Sascha Stegemann","","https://fbref.com/en/matches/eb577d48/Holstein-Kiel-Mainz-05-November-24-2024-Bundesliga",10,12
"Fußball-Bundesliga","M","GER",2025,"Bundesliga","11","Sun",2024-11-24,"17:30","Gladbach",2,2.3,"St. Pauli",0,1.1,54042,"Stadion im Borussia-Park","Robin Braun","","https://fbref.com/en/matches/b0221e69/Monchengladbach-St-Pauli-November-24-2024-Bundesliga",7,14
"Fußball-Bundesliga","M","GER",2025,"Bundesliga","12","Fri",2024-11-29,"20:30","St. Pauli",3,1.3,"Holstein Kiel",1,1.2,29546,"Millerntor-Stadion","Felix Zwayer","","https://fbref.com/en/matches/5c8b9990/St-Pauli-Holstein-Kiel-November-29-2024-Bundesliga",14,10
"Fußball-Bundesliga","M","GER",2025,"Bundesliga","12","Sat",2024-11-30,"15:30","RB Leipzig",1,1,"Wolfsburg",5,2.2,40000,"Red Bull Arena","Martin Petersen","","https://fbref.com/en/matches/b0c93fa3/RB-Leipzig-Wolfsburg-November-30-2024-Bundesliga",13,18
"Fußball-Bundesliga","M","GER",2025,"Bundesliga","12","Sat",2024-11-30,"15:30","Freiburg",3,1.6,"Gladbach",1,1.5,34700,"Europa-Park Stadion","Robert Hartmann","","https://fbref.com/en/matches/358ea55d/Freiburg-Monchengladbach-November-30-2024-Bundesliga",6,7
"Fußball-Bundesliga","M","GER",2025,"Bundesliga","12","Sat",2024-11-30,"15:30","Union Berlin",1,0.7,"Leverkusen",2,0.9,22012,"Stadion An der Alten Försterei","Christian Dingert","","https://fbref.com/en/matches/19910993/Union-Berlin-Bayer-Leverkusen-November-30-2024-Bundesliga",16,11
"Fußball-Bundesliga","M","GER",2025,"Bundesliga","12","Sat",2024-11-30,"15:30","Werder Bremen",2,1.6,"Stuttgart",2,1.8,42100,"Weserstadion","Harm Osmers","","https://fbref.com/en/matches/61c993b3/Werder-Bremen-Stuttgart-November-30-2024-Bundesliga",17,15
"Fußball-Bundesliga","M","GER",2025,"Bundesliga","12","Sat",2024-11-30,"15:30","Augsburg",1,1.9,"Bochum",0,0.3,29556,"WWK Arena","Tobias Reichel","","https://fbref.com/en/matches/b1e5b315/Augsburg-Bochum-November-30-2024-Bundesliga",1,3
"Fußball-Bundesliga","M","GER",2025,"Bundesliga","12","Sat",2024-11-30,"18:30","Dortmund",1,0.6,"Bayern Munich",1,1.5,81365,"Signal Iduna Park","Sven Jablonski","","https://fbref.com/en/matches/77d36005/Der-Klassiker-Dortmund-Bayern-Munich-November-30-2024-Bundesliga",4,2
"Fußball-Bundesliga","M","GER",2025,"Bundesliga","12","Sun",2024-12-01,"15:30","Mainz 05",2,2.2,"Hoffenheim",0,0.4,30400,"Mewa Arena","Daniel Siebert","","https://fbref.com/en/matches/16d2485c/Mainz-05-Hoffenheim-December-1-2024-Bundesliga",12,9
"Fußball-Bundesliga","M","GER",2025,"Bundesliga","12","Sun",2024-12-01,"17:30","Heidenheim",0,0.7,"Eint Frankfurt",4,2.6,15000,"Voith-Arena","Florian Exner","","https://fbref.com/en/matches/055831dc/Heidenheim-Eintracht-Frankfurt-December-1-2024-Bundesliga",8,5
"Fußball-Bundesliga","M","GER",2025,"Bundesliga","13","Fri",2024-12-06,"20:30","Stuttgart",3,2.1,"Union Berlin",2,1.4,59000,"MHPArena","Tobias Welz","","https://fbref.com/en/matches/41b2c9a7/Stuttgart-Union-Berlin-December-6-2024-Bundesliga",15,16
"Fußball-Bundesliga","M","GER",2025,"Bundesliga","13","Sat",2024-12-07,"15:30","Bochum",0,1.2,"Werder Bremen",1,0.8,26000,"Vonovia Ruhrstadion","Felix Brych","","https://fbref.com/en/matches/73bf4f3e/Bochum-Werder-Bremen-December-7-2024-Bundesliga",3,17
"Fußball-Bundesliga","M","GER",2025,"Bundesliga","13","Sat",2024-12-07,"15:30","Holstein Kiel",0,1.2,"RB Leipzig",2,1.6,14715,"Holstein-Stadion","Florian Badstübner","","https://fbref.com/en/matches/5b484005/Holstein-Kiel-RB-Leipzig-December-7-2024-Bundesliga",10,13
"Fußball-Bundesliga","M","GER",2025,"Bundesliga","13","Sat",2024-12-07,"15:30","Leverkusen",2,0.9,"St. Pauli",1,1.8,30210,"BayArena","Matthias Jöllenbeck","","https://fbref.com/en/matches/326bf78c/Bayer-Leverkusen-St-Pauli-December-7-2024-Bundesliga",11,14
"Fußball-Bundesliga","M","GER",2025,"Bundesliga","13","Sat",2024-12-07,"15:30","Eint Frankfurt",2,1.7,"Augsburg",2,0.6,57000,"Deutsche Bank Park","Bastian Dankert","","https://fbref.com/en/matches/4442b38e/Eintracht-Frankfurt-Augsburg-December-7-2024-Bundesliga",5,1
"Fußball-Bundesliga","M","GER",2025,"Bundesliga","13","Sat",2024-12-07,"15:30","Bayern Munich",4,2.4,"Heidenheim",2,1.3,75000,"Allianz Arena","Sören Storks","","https://fbref.com/en/matches/aff85c23/Bayern-Munich-Heidenheim-December-7-2024-Bundesliga",2,8
"Fußball-Bundesliga","M","GER",2025,"Bundesliga","13","Sat",2024-12-07,"18:30","Gladbach",1,1.1,"Dortmund",1,1.5,54042,"Stadion im Borussia-Park","Tobias Stieler","","https://fbref.com/en/matches/975c1d76/Monchengladbach-Dortmund-December-7-2024-Bundesliga",7,4
"Fußball-Bundesliga","M","GER",2025,"Bundesliga","13","Sun",2024-12-08,"15:30","Wolfsburg",4,1.2,"Mainz 05",3,2.6,20036,"Volkswagen Arena","Timo Gerach","","https://fbref.com/en/matches/4c76fa51/Wolfsburg-Mainz-05-December-8-2024-Bundesliga",18,12
"Fußball-Bundesliga","M","GER",2025,"Bundesliga","13","Sun",2024-12-08,"17:30","Hoffenheim",1,1.4,"Freiburg",1,1,22027,"PreZero Arena","Sven Jablonski","","https://fbref.com/en/matches/3b2c1622/Hoffenheim-Freiburg-December-8-2024-Bundesliga",9,6
"Fußball-Bundesliga","M","GER",2025,"Bundesliga","14","Fri",2024-12-13,"20:30","Freiburg",3,2.1,"Wolfsburg",2,1.8,32600,"Europa-Park Stadion","Sascha Stegemann","","https://fbref.com/en/matches/3142b1ac/Freiburg-Wolfsburg-December-13-2024-Bundesliga",6,18
"Fußball-Bundesliga","M","GER",2025,"Bundesliga","14","Sat",2024-12-14,"15:30","Augsburg",0,0.6,"Leverkusen",2,0.8,29310,"WWK Arena","Felix Zwayer","","https://fbref.com/en/matches/b2439369/Augsburg-Bayer-Leverkusen-December-14-2024-Bundesliga",1,11
"Fußball-Bundesliga","M","GER",2025,"Bundesliga","14","Sat",2024-12-14,"15:30","Mainz 05",2,1,"Bayern Munich",1,1.4,33305,"Mewa Arena","Frank Willenborg","","https://fbref.com/en/matches/dc3aa7be/Mainz-05-Bayern-Munich-December-14-2024-Bundesliga",12,2
"Fußball-Bundesliga","M","GER",2025,"Bundesliga","14","Sat",2024-12-14,"15:30","Union Berlin",0,2.5,"Bochum",2,1,22012,"Stadion An der Alten Försterei","Martin Petersen","Match awarded to Bochum","https://fbref.com/en/matches/171e1d37/Union-Berlin-Bochum-December-14-2024-Bundesliga",16,3
"Fußball-Bundesliga","M","GER",2025,"Bundesliga","14","Sat",2024-12-14,"15:30","Gladbach",4,2.4,"Holstein Kiel",1,0.6,52210,"Stadion im Borussia-Park","Daniel Schlager","","https://fbref.com/en/matches/9082168d/Monchengladbach-Holstein-Kiel-December-14-2024-Bundesliga",7,10
"Fußball-Bundesliga","M","GER",2025,"Bundesliga","14","Sat",2024-12-14,"18:30","St. Pauli",0,0.6,"Werder Bremen",2,1,29546,"Millerntor-Stadion","Robert Hartmann","","https://fbref.com/en/matches/f9c6643f/St-Pauli-Werder-Bremen-December-14-2024-Bundesliga",14,17
"Fußball-Bundesliga","M","GER",2025,"Bundesliga","14","Sun",2024-12-15,"15:30","Heidenheim",1,1,"Stuttgart",3,2.3,15000,"Voith-Arena","Christian Dingert","","https://fbref.com/en/matches/406ac14d/Heidenheim-Stuttgart-December-15-2024-Bundesliga",8,15
"Fußball-Bundesliga","M","GER",2025,"Bundesliga","14","Sun",2024-12-15,"17:30","Dortmund",1,0.5,"Hoffenheim",1,1,81365,"Signal Iduna Park","Harm Osmers","","https://fbref.com/en/matches/cf85934f/Dortmund-Hoffenheim-December-15-2024-Bundesliga",4,9
"Fußball-Bundesliga","M","GER",2025,"Bundesliga","14","Sun",2024-12-15,"19:30","RB Leipzig",2,1.9,"Eint Frankfurt",1,0.9,40193,"Red Bull Arena","Benjamin Brand","","https://fbref.com/en/matches/7f0b7508/RB-Leipzig-Eintracht-Frankfurt-December-15-2024-Bundesliga",13,5
"Fußball-Bundesliga","M","GER",2025,"Bundesliga","15","Fri",2024-12-20,"20:30","Bayern Munich",5,3.3,"RB Leipzig",1,0.4,75000,"Allianz Arena","Daniel Siebert","","https://fbref.com/en/matches/b1590970/Bayern-Munich-RB-Leipzig-December-20-2024-Bundesliga",2,13
"Fußball-Bundesliga","M","GER",2025,"Bundesliga","15","Sat",2024-12-21,"15:30","Werder Bremen",4,2.3,"Union Berlin",1,1.3,42100,"Weserstadion","Florian Exner","","https://fbref.com/en/matches/3a05d86e/Werder-Bremen-Union-Berlin-December-21-2024-Bundesliga",17,16
"Fußball-Bundesliga","M","GER",2025,"Bundesliga","15","Sat",2024-12-21,"15:30","Eint Frankfurt",1,2.4,"Mainz 05",3,0.6,58000,"Deutsche Bank Park","Florian Badstübner","","https://fbref.com/en/matches/1b681fd7/Eintracht-Frankfurt-Mainz-05-December-21-2024-Bundesliga",5,12
"Fußball-Bundesliga","M","GER",2025,"Bundesliga","15","Sat",2024-12-21,"15:30","Stuttgart",0,2.1,"St. Pauli",1,2.2,60000,"MHPArena","Felix Brych","","https://fbref.com/en/matches/446a9815/Stuttgart-St-Pauli-December-21-2024-Bundesliga",15,14
"Fußball-Bundesliga","M","GER",2025,"Bundesliga","15","Sat",2024-12-21,"15:30","Hoffenheim",1,3.5,"Gladbach",2,0.7,28923,"PreZero Arena","Bastian Dankert","","https://fbref.com/en/matches/0e787c0f/Hoffenheim-Monchengladbach-December-21-2024-Bundesliga",9,7
"Fußball-Bundesliga","M","GER",2025,"Bundesliga","15","Sat",2024-12-21,"15:30","Holstein Kiel",5,1.7,"Augsburg",1,1.5,14830,"Holstein-Stadion","Tobias Welz","","https://fbref.com/en/matches/8d956d1f/Holstein-Kiel-Augsburg-December-21-2024-Bundesliga",10,1
"Fußball-Bundesliga","M","GER",2025,"Bundesliga","15","Sat",2024-12-21,"18:30","Leverkusen",5,2.8,"Freiburg",1,0.7,30210,"BayArena","Tobias Stieler","","https://fbref.com/en/matches/9d56a702/Bayer-Leverkusen-Freiburg-December-21-2024-Bundesliga",11,6
"Fußball-Bundesliga","M","GER",2025,"Bundesliga","15","Sun",2024-12-22,"15:30","Bochum",2,1.6,"Heidenheim",0,0.6,24328,"Vonovia Ruhrstadion","Sven Jablonski","","https://fbref.com/en/matches/adeb37a5/Bochum-Heidenheim-December-22-2024-Bundesliga",3,8
"Fußball-Bundesliga","M","GER",2025,"Bundesliga","15","Sun",2024-12-22,"17:30","Wolfsburg",1,1.5,"Dortmund",3,2.7,28917,"Volkswagen Arena","Matthias Jöllenbeck","","https://fbref.com/en/matches/6948e2d4/Wolfsburg-Dortmund-December-22-2024-Bundesliga",18,4
"Fußball-Bundesliga","M","GER",2025,"Bundesliga","16","Fri",2025-01-10,"20:45","Dortmund",2,1.3,"Leverkusen",3,1.6,81365,"Signal Iduna Park","Tobias Stieler","","https://fbref.com/en/matches/54ce0559/Dortmund-Bayer-Leverkusen-January-10-2025-Bundesliga",4,11
"Fußball-Bundesliga","M","GER",2025,"Bundesliga","16","Sat",2025-01-11,"15:30","Mainz 05",2,1.9,"Bochum",0,0.6,32000,"Mewa Arena","Benjamin Brand","","https://fbref.com/en/matches/319e48db/Mainz-05-Bochum-January-11-2025-Bundesliga",12,3
"Fußball-Bundesliga","M","GER",2025,"Bundesliga","16","Sat",2025-01-11,"15:30","St. Pauli",0,2.2,"Eint Frankfurt",1,1.5,29546,"Millerntor-Stadion","Harm Osmers","","https://fbref.com/en/matches/7ff87749/St-Pauli-Eintracht-Frankfurt-January-11-2025-Bundesliga",14,5
"Fußball-Bundesliga","M","GER",2025,"Bundesliga","16","Sat",2025-01-11,"15:30","Heidenheim",2,1.4,"Union Berlin",0,1.1,15000,"Voith-Arena","Robert Hartmann","","https://fbref.com/en/matches/f3b5b40c/Heidenheim-Union-Berlin-January-11-2025-Bundesliga",8,16
"Fußball-Bundesliga","M","GER",2025,"Bundesliga","16","Sat",2025-01-11,"15:30","Freiburg",3,0.7,"Holstein Kiel",2,1.8,33700,"Europa-Park Stadion","Sören Storks","","https://fbref.com/en/matches/3e4b6950/Freiburg-Holstein-Kiel-January-11-2025-Bundesliga",6,10
"Fußball-Bundesliga","M","GER",2025,"Bundesliga","16","Sat",2025-01-11,"15:30","Hoffenheim",0,0.9,"Wolfsburg",1,0.7,18114,"PreZero Arena","Christian Dingert","","https://fbref.com/en/matches/606b4f3d/Hoffenheim-Wolfsburg-January-11-2025-Bundesliga",9,18
"Fußball-Bundesliga","M","GER",2025,"Bundesliga","16","Sat",2025-01-11,"18:30","Gladbach",0,0.4,"Bayern Munich",1,4.3,54042,"Stadion im Borussia-Park","Felix Zwayer","","https://fbref.com/en/matches/95b5760f/Monchengladbach-Bayern-Munich-January-11-2025-Bundesliga",7,2
"Fußball-Bundesliga","M","GER",2025,"Bundesliga","16","Sun",2025-01-12,"15:30","RB Leipzig",4,2.1,"Werder Bremen",2,1.5,47187,"Red Bull Arena","Tobias Reichel","","https://fbref.com/en/matches/ca3024b8/RB-Leipzig-Werder-Bremen-January-12-2025-Bundesliga",13,17
"Fußball-Bundesliga","M","GER",2025,"Bundesliga","16","Sun",2025-01-12,"17:30","Augsburg",0,0.3,"Stuttgart",1,2.4,30660,"WWK Arena","Daniel Schlager","","https://fbref.com/en/matches/e99a4554/Augsburg-Stuttgart-January-12-2025-Bundesliga",1,15
"Fußball-Bundesliga","M","GER",2025,"Bundesliga","17","Tue",2025-01-14,"18:30","Holstein Kiel",4,1.6,"Dortmund",2,1,15034,"Holstein-Stadion","Martin Petersen","","https://fbref.com/en/matches/0967d02c/Holstein-Kiel-Dortmund-January-14-2025-Bundesliga",10,4
"Fußball-Bundesliga","M","GER",2025,"Bundesliga","17","Tue",2025-01-14,"20:30","Wolfsburg",5,3.9,"Gladbach",1,1.1,20519,"Volkswagen Arena","Florian Badstübner","","https://fbref.com/en/matches/1f4078fa/Wolfsburg-Monchengladbach-January-14-2025-Bundesliga",18,7
"Fußball-Bundesliga","M","GER",2025,"Bundesliga","17","Tue",2025-01-14,"20:30","Leverkusen",1,1.8,"Mainz 05",0,0.7,30210,"BayArena","Tobias Welz","","https://fbref.com/en/matches/bffe5cc0/Bayer-Leverkusen-Mainz-05-January-14-2025-Bundesliga",11,12
"Fußball-Bundesliga","M","GER",2025,"Bundesliga","17","Tue",2025-01-14,"20:30","Eint Frankfurt",4,2.4,"Freiburg",1,0.5,56500,"Deutsche Bank Park","Sven Jablonski","","https://fbref.com/en/matches/826e71bd/Eintracht-Frankfurt-Freiburg-January-14-2025-Bundesliga",5,6
"Fußball-Bundesliga","M","GER",2025,"Bundesliga","17","Wed",2025-01-15,"18:30","Bochum",1,1.4,"St. Pauli",0,0.7,26000,"Vonovia Ruhrstadion","Daniel Siebert","","https://fbref.com/en/matches/0ed57a99/Bochum-St-Pauli-January-15-2025-Bundesliga",3,14
"Fußball-Bundesliga","M","GER",2025,"Bundesliga","17","Wed",2025-01-15,"20:30","Union Berlin",0,0.8,"Augsburg",2,1.2,21560,"Stadion An der Alten Försterei","Frank Willenborg","","https://fbref.com/en/matches/dbe65fff/Union-Berlin-Augsburg-January-15-2025-Bundesliga",16,1
"Fußball-Bundesliga","M","GER",2025,"Bundesliga","17","Wed",2025-01-15,"20:30","Stuttgart",2,2.5,"RB Leipzig",1,1,57500,"MHPArena","Sascha Stegemann","","https://fbref.com/en/matches/081e6d08/Stuttgart-RB-Leipzig-January-15-2025-Bundesliga",15,13
"Fußball-Bundesliga","M","GER",2025,"Bundesliga","17","Wed",2025-01-15,"20:30","Werder Bremen",3,1.5,"Heidenheim",3,1.4,39350,"Weserstadion","Matthias Jöllenbeck","","https://fbref.com/en/matches/44a88ae4/Werder-Bremen-Heidenheim-January-15-2025-Bundesliga",17,8
"Fußball-Bundesliga","M","GER",2025,"Bundesliga","17","Wed",2025-01-15,"20:30","Bayern Munich",5,3.4,"Hoffenheim",0,0.2,75000,"Allianz Arena","Timo Gerach","","https://fbref.com/en/matches/31d47dd3/Bayern-Munich-Hoffenheim-January-15-2025-Bundesliga",2,9
"Fußball-Bundesliga","M","GER",2025,"Bundesliga","18","Fri",2025-01-17,"20:30","Eint Frankfurt",2,1.7,"Dortmund",0,0.8,58000,"Deutsche Bank Park","Daniel Schlager","","https://fbref.com/en/matches/005a65f4/Eintracht-Frankfurt-Dortmund-January-17-2025-Bundesliga",5,4
"Fußball-Bundesliga","M","GER",2025,"Bundesliga","18","Sat",2025-01-18,"15:30","Holstein Kiel",1,1,"Hoffenheim",3,0.8,13923,"Holstein-Stadion","Felix Brych","","https://fbref.com/en/matches/fac01a25/Holstein-Kiel-Hoffenheim-January-18-2025-Bundesliga",10,9
"Fußball-Bundesliga","M","GER",2025,"Bundesliga","18","Sat",2025-01-18,"15:30","Heidenheim",0,0.7,"St. Pauli",2,1.9,15000,"Voith-Arena","Bastian Dankert","","https://fbref.com/en/matches/14522bc5/Heidenheim-St-Pauli-January-18-2025-Bundesliga",8,14
"Fußball-Bundesliga","M","GER",2025,"Bundesliga","18","Sat",2025-01-18,"15:30","Bochum",3,2.7,"RB Leipzig",3,2.2,24158,"Vonovia Ruhrstadion","Robert Hartmann","","https://fbref.com/en/matches/f702b3ab/Bochum-RB-Leipzig-January-18-2025-Bundesliga",3,13
"Fußball-Bundesliga","M","GER",2025,"Bundesliga","18","Sat",2025-01-18,"15:30","Stuttgart",4,1.9,"Freiburg",0,0.2,60000,"MHPArena","Felix Zwayer","","https://fbref.com/en/matches/e057d531/Stuttgart-Freiburg-January-18-2025-Bundesliga",15,6
"Fußball-Bundesliga","M","GER",2025,"Bundesliga","18","Sat",2025-01-18,"15:30","Bayern Munich",3,3,"Wolfsburg",2,0.5,75000,"Allianz Arena","Tobias Reichel","","https://fbref.com/en/matches/05f318cc/Bayern-Munich-Wolfsburg-January-18-2025-Bundesliga",2,18
"Fußball-Bundesliga","M","GER",2025,"Bundesliga","18","Sat",2025-01-18,"18:30","Leverkusen",3,2.1,"Gladbach",1,0.6,30210,"BayArena","Harm Osmers","","https://fbref.com/en/matches/3bf36d69/Bayer-Leverkusen-Monchengladbach-January-18-2025-Bundesliga",11,7
"Fußball-Bundesliga","M","GER",2025,"Bundesliga","18","Sun",2025-01-19,"15:30","Union Berlin",2,2.1,"Mainz 05",1,1.7,21646,"Stadion An der Alten Försterei","Florian Exner","","https://fbref.com/en/matches/abafaba1/Union-Berlin-Mainz-05-January-19-2025-Bundesliga",16,12
"Fußball-Bundesliga","M","GER",2025,"Bundesliga","18","Sun",2025-01-19,"17:30","Werder Bremen",0,1.3,"Augsburg",2,1.2,39350,"Weserstadion","Benjamin Brand","","https://fbref.com/en/matches/10062a04/Werder-Bremen-Augsburg-January-19-2025-Bundesliga",17,1
"Fußball-Bundesliga","M","GER",2025,"Bundesliga","19","Fri",2025-01-24,"20:30","Wolfsburg",2,2,"Holstein Kiel",2,0.2,22103,"Volkswagen Arena","Sven Jablonski","","https://fbref.com/en/matches/fd026179/Wolfsburg-Holstein-Kiel-January-24-2025-Bundesliga",18,10
"Fußball-Bundesliga","M","GER",2025,"Bundesliga","19","Sat",2025-01-25,"15:30","Freiburg",1,0.3,"Bayern Munich",2,1,34700,"Europa-Park Stadion","Daniel Siebert","","https://fbref.com/en/matches/f4b1b7e1/Freiburg-Bayern-Munich-January-25-2025-Bundesliga",6,2
"Fußball-Bundesliga","M","GER",2025,"Bundesliga","19","Sat",2025-01-25,"15:30","RB Leipzig",2,0.7,"Leverkusen",2,2.4,46793,"Red Bull Arena","Bastian Dankert","","https://fbref.com/en/matches/cfcc6770/RB-Leipzig-Bayer-Leverkusen-January-25-2025-Bundesliga",13,11
"Fußball-Bundesliga","M","GER",2025,"Bundesliga","19","Sat",2025-01-25,"15:30","Dortmund",2,1,"Werder Bremen",2,1.3,81365,"Signal Iduna Park","Christian Dingert","","https://fbref.com/en/matches/11d1c71c/Dortmund-Werder-Bremen-January-25-2025-Bundesliga",4,17
"Fußball-Bundesliga","M","GER",2025,"Bundesliga","19","Sat",2025-01-25,"15:30","Augsburg",2,1.1,"Heidenheim",1,1.2,30660,"WWK Arena","Florian Badstübner","","https://fbref.com/en/matches/be9e8dad/Augsburg-Heidenheim-January-25-2025-Bundesliga",1,8
"Fußball-Bundesliga","M","GER",2025,"Bundesliga","19","Sat",2025-01-25,"15:30","Mainz 05",2,1.9,"Stuttgart",0,1.1,33000,"Mewa Arena","Tobias Stieler","","https://fbref.com/en/matches/15fd87e3/Mainz-05-Stuttgart-January-25-2025-Bundesliga",12,15
"Fußball-Bundesliga","M","GER",2025,"Bundesliga","19","Sat",2025-01-25,"18:30","Gladbach",3,2.3,"Bochum",0,0.5,54042,"Stadion im Borussia-Park","Matthias Jöllenbeck","","https://fbref.com/en/matches/e1972a42/Monchengladbach-Bochum-January-25-2025-Bundesliga",7,3
"Fußball-Bundesliga","M","GER",2025,"Bundesliga","19","Sun",2025-01-26,"15:30","Hoffenheim",2,2.4,"Eint Frankfurt",2,2.4,30150,"PreZero Arena","Sascha Stegemann","","https://fbref.com/en/matches/3b329c8a/Hoffenheim-Eintracht-Frankfurt-January-26-2025-Bundesliga",9,5
"Fußball-Bundesliga","M","GER",2025,"Bundesliga","19","Sun",2025-01-26,"17:30","St. Pauli",3,1.2,"Union Berlin",0,1.1,29546,"Millerntor-Stadion","Sören Storks","","https://fbref.com/en/matches/77f7b50a/St-Pauli-Union-Berlin-January-26-2025-Bundesliga",14,16
"Fußball-Bundesliga","M","GER",2025,"Bundesliga","2","Fri",2024-08-30,"20:30","Union Berlin",1,1.1,"St. Pauli",0,0.5,22012,"Stadion An der Alten Försterei","Bastian Dankert","","https://fbref.com/en/matches/ce5d1374/Union-Berlin-St-Pauli-August-30-2024-Bundesliga",16,14
"Fußball-Bundesliga","M","GER",2025,"Bundesliga","2","Sat",2024-08-31,"15:30","Werder Bremen",0,0.3,"Dortmund",0,0.6,42100,"Weserstadion","Robert Hartmann","","https://fbref.com/en/matches/0f6a93b4/Werder-Bremen-Dortmund-August-31-2024-Bundesliga",17,4
"Fußball-Bundesliga","M","GER",2025,"Bundesliga","2","Sat",2024-08-31,"15:30","Eint Frankfurt",3,2.4,"Hoffenheim",1,1,57100,"Deutsche Bank Park","Florian Badstübner","","https://fbref.com/en/matches/20afc3a6/Eintracht-Frankfurt-Hoffenheim-August-31-2024-Bundesliga",5,9
"Fußball-Bundesliga","M","GER",2025,"Bundesliga","2","Sat",2024-08-31,"15:30","Bochum",0,0.7,"Gladbach",2,2.9,26000,"Vonovia Ruhrstadion","Sören Storks","","https://fbref.com/en/matches/d31a8f27/Bochum-Monchengladbach-August-31-2024-Bundesliga",3,7
"Fußball-Bundesliga","M","GER",2025,"Bundesliga","2","Sat",2024-08-31,"15:30","Holstein Kiel",0,1.1,"Wolfsburg",2,1.3,15034,"Holstein-Stadion","Florian Exner","","https://fbref.com/en/matches/7e2bdec0/Holstein-Kiel-Wolfsburg-August-31-2024-Bundesliga",10,18
"Fußball-Bundesliga","M","GER",2025,"Bundesliga","2","Sat",2024-08-31,"15:30","Stuttgart",3,3.8,"Mainz 05",3,2.3,59000,"MHPArena","Timo Gerach","","https://fbref.com/en/matches/378509f5/Stuttgart-Mainz-05-August-31-2024-Bundesliga",15,12
"Fußball-Bundesliga","M","GER",2025,"Bundesliga","2","Sat",2024-08-31,"18:30","Leverkusen",2,2.2,"RB Leipzig",3,1.1,29615,"BayArena","Matthias Jöllenbeck","","https://fbref.com/en/matches/20df1da5/Bayer-Leverkusen-RB-Leipzig-August-31-2024-Bundesliga",11,13
"Fußball-Bundesliga","M","GER",2025,"Bundesliga","2","Sun",2024-09-01,"15:30","Heidenheim",4,3.1,"Augsburg",0,0.7,15000,"Voith-Arena","Martin Petersen","","https://fbref.com/en/matches/19bab96c/Heidenheim-Augsburg-September-1-2024-Bundesliga",8,1
"Fußball-Bundesliga","M","GER",2025,"Bundesliga","2","Sun",2024-09-01,"17:30","Bayern Munich",2,1.5,"Freiburg",0,1,75000,"Allianz Arena","Christian Dingert","","https://fbref.com/en/matches/c11acc1b/Bayern-Munich-Freiburg-September-1-2024-Bundesliga",2,6
"Fußball-Bundesliga","M","GER",2025,"Bundesliga","20","Fri",2025-01-31,"20:30","Werder Bremen",1,2.5,"Mainz 05",0,1.2,40500,"Weserstadion","Martin Petersen","","https://fbref.com/en/matches/5d31cfeb/Werder-Bremen-Mainz-05-January-31-2025-Bundesliga",17,12
"Fußball-Bundesliga","M","GER",2025,"Bundesliga","20","Sat",2025-02-01,"15:30","Heidenheim",1,0.6,"Dortmund",2,2.2,15000,"Voith-Arena","Frank Willenborg","","https://fbref.com/en/matches/54a09715/Heidenheim-Dortmund-February-1-2025-Bundesliga",8,4
"Fußball-Bundesliga","M","GER",2025,"Bundesliga","20","Sat",2025-02-01,"15:30","St. Pauli",1,0.8,"Augsburg",1,0.3,29546,"Millerntor-Stadion","Tobias Reichel","","https://fbref.com/en/matches/b18bceea/St-Pauli-Augsburg-February-1-2025-Bundesliga",14,1
"Fußball-Bundesliga","M","GER",2025,"Bundesliga","20","Sat",2025-02-01,"15:30","Bayern Munich",4,3.4,"Holstein Kiel",3,1.8,75000,"Allianz Arena","Florian Exner","","https://fbref.com/en/matches/5b710b34/Bayern-Munich-Holstein-Kiel-February-1-2025-Bundesliga",2,10
"Fußball-Bundesliga","M","GER",2025,"Bundesliga","20","Sat",2025-02-01,"15:30","Bochum",0,1,"Freiburg",1,1.7,25900,"Vonovia Ruhrstadion","Tobias Welz","","https://fbref.com/en/matches/db02399e/Bochum-Freiburg-February-1-2025-Bundesliga",3,6
"Fußball-Bundesliga","M","GER",2025,"Bundesliga","20","Sat",2025-02-01,"15:30","Stuttgart",1,1.2,"Gladbach",2,2.1,60000,"MHPArena","Robert Hartmann","","https://fbref.com/en/matches/138b9d28/Stuttgart-Monchengladbach-February-1-2025-Bundesliga",15,7
"Fußball-Bundesliga","M","GER",2025,"Bundesliga","20","Sat",2025-02-01,"18:30","Union Berlin",0,1.3,"RB Leipzig",0,0.3,22012,"Stadion An der Alten Försterei","Daniel Schlager","","https://fbref.com/en/matches/616b4ea5/Union-Berlin-RB-Leipzig-February-1-2025-Bundesliga",16,13
"Fußball-Bundesliga","M","GER",2025,"Bundesliga","20","Sun",2025-02-02,"15:30","Eint Frankfurt",1,1.2,"Wolfsburg",1,1.2,56900,"Deutsche Bank Park","Benjamin Brand","","https://fbref.com/en/matches/2861d451/Eintracht-Frankfurt-Wolfsburg-February-2-2025-Bundesliga",5,18
"Fußball-Bundesliga","M","GER",2025,"Bundesliga","20","Sun",2025-02-02,"17:30","Leverkusen",3,1.4,"Hoffenheim",1,1.9,29278,"BayArena","Robin Braun","","https://fbref.com/en/matches/be216889/Bayer-Leverkusen-Hoffenheim-February-2-2025-Bundesliga",11,9
"Fußball-Bundesliga","M","GER",2025,"Bundesliga","21","Fri",2025-02-07,"20:30","Bayern Munich",3,4.1,"Werder Bremen",0,0.1,75000,"Allianz Arena","Sören Storks","","https://fbref.com/en/matches/dede20b2/Bayern-Munich-Werder-Bremen-February-7-2025-Bundesliga",2,17
"Fußball-Bundesliga","M","GER",2025,"Bundesliga","21","Sat",2025-02-08,"15:30","Freiburg",1,1,"Heidenheim",0,0.5,34000,"Europa-Park Stadion","Timo Gerach","","https://fbref.com/en/matches/02b849f8/Freiburg-Heidenheim-February-8-2025-Bundesliga",6,8
"Fußball-Bundesliga","M","GER",2025,"Bundesliga","21","Sat",2025-02-08,"15:30","Dortmund",1,1.4,"Stuttgart",2,0.3,81365,"Signal Iduna Park","Daniel Siebert","","https://fbref.com/en/matches/3a6ba600/Dortmund-Stuttgart-February-8-2025-Bundesliga",4,15
"Fußball-Bundesliga","M","GER",2025,"Bundesliga","21","Sat",2025-02-08,"15:30","Wolfsburg",0,0.7,"Leverkusen",0,1.4,28198,"Volkswagen Arena","Sascha Stegemann","","https://fbref.com/en/matches/853e68b5/Wolfsburg-Bayer-Leverkusen-February-8-2025-Bundesliga",18,11
"Fußball-Bundesliga","M","GER",2025,"Bundesliga","21","Sat",2025-02-08,"15:30","Hoffenheim",0,1.1,"Union Berlin",4,2.8,20023,"PreZero Arena","Tobias Stieler","","https://fbref.com/en/matches/cf6b4de4/Hoffenheim-Union-Berlin-February-8-2025-Bundesliga",9,16
"Fußball-Bundesliga","M","GER",2025,"Bundesliga","21","Sat",2025-02-08,"15:30","Mainz 05",0,1.3,"Augsburg",0,0.3,33000,"Mewa Arena","Daniel Schlager","","https://fbref.com/en/matches/cff7de63/Mainz-05-Augsburg-February-8-2025-Bundesliga",12,1
"Fußball-Bundesliga","M","GER",2025,"Bundesliga","21","Sat",2025-02-08,"18:30","Gladbach",1,0.4,"Eint Frankfurt",1,2.2,54042,"Stadion im Borussia-Park","Christian Dingert","","https://fbref.com/en/matches/a3887d2e/Monchengladbach-Eintracht-Frankfurt-February-8-2025-Bundesliga",7,5
"Fußball-Bundesliga","M","GER",2025,"Bundesliga","21","Sun",2025-02-09,"15:30","Holstein Kiel",2,1.9,"Bochum",2,2.3,15034,"Holstein-Stadion","Felix Zwayer","","https://fbref.com/en/matches/521f766a/Holstein-Kiel-Bochum-February-9-2025-Bundesliga",10,3
"Fußball-Bundesliga","M","GER",2025,"Bundesliga","21","Sun",2025-02-09,"17:30","RB Leipzig",2,1.5,"St. Pauli",0,0.6,46021,"Red Bull Arena","Florian Badstübner","","https://fbref.com/en/matches/827c2291/RB-Leipzig-St-Pauli-February-9-2025-Bundesliga",13,14
"Fußball-Bundesliga","M","GER",2025,"Bundesliga","22","Fri",2025-02-14,"20:30","Augsburg",0,1,"RB Leipzig",0,1.2,28260,"WWK Arena","Sascha Stegemann","","https://fbref.com/en/matches/594320d9/Augsburg-RB-Leipzig-February-14-2025-Bundesliga",1,13
"Fußball-Bundesliga","M","GER",2025,"Bundesliga","22","Sat",2025-02-15,"15:30","Stuttgart",1,0.8,"Wolfsburg",2,1.6,58000,"MHPArena","Tobias Welz","","https://fbref.com/en/matches/de63fff0/Stuttgart-Wolfsburg-February-15-2025-Bundesliga",15,18
"Fußball-Bundesliga","M","GER",2025,"Bundesliga","22","Sat",2025-02-15,"15:30","Union Berlin",1,2,"Gladbach",2,2.1,22012,"Stadion An der Alten Försterei","Sven Jablonski","","https://fbref.com/en/matches/6ed0551d/Union-Berlin-Monchengladbach-February-15-2025-Bundesliga",16,7
"Fußball-Bundesliga","M","GER",2025,"Bundesliga","22","Sat",2025-02-15,"15:30","St. Pauli",0,0.2,"Freiburg",1,1.3,29546,"Millerntor-Stadion","Benjamin Brand","","https://fbref.com/en/matches/75d89be3/St-Pauli-Freiburg-February-15-2025-Bundesliga",14,6
"Fußball-Bundesliga","M","GER",2025,"Bundesliga","22","Sat",2025-02-15,"15:30","Bochum",2,2.7,"Dortmund",0,2.6,26000,"Vonovia Ruhrstadion","Harm Osmers","","https://fbref.com/en/matches/451156e0/Bochum-Dortmund-February-15-2025-Bundesliga",3,4
"Fußball-Bundesliga","M","GER",2025,"Bundesliga","22","Sat",2025-02-15,"18:30","Leverkusen",0,2,"Bayern Munich",0,0,30210,"BayArena","Daniel Siebert","","https://fbref.com/en/matches/5da24f91/Bayer-Leverkusen-Bayern-Munich-February-15-2025-Bundesliga",11,2
"Fußball-Bundesliga","M","GER",2025,"Bundesliga","22","Sun",2025-02-16,"15:30","Werder Bremen",1,1.1,"Hoffenheim",3,1.4,39400,"Weserstadion","Frank Willenborg","","https://fbref.com/en/matches/e8d6223f/Werder-Bremen-Hoffenheim-February-16-2025-Bundesliga",17,9
"Fußball-Bundesliga","M","GER",2025,"Bundesliga","22","Sun",2025-02-16,"17:30","Eint Frankfurt",3,2.5,"Holstein Kiel",1,1.4,57700,"Deutsche Bank Park","Robert Hartmann","","https://fbref.com/en/matches/a7eaacdb/Eintracht-Frankfurt-Holstein-Kiel-February-16-2025-Bundesliga",5,10
"Fußball-Bundesliga","M","GER",2025,"Bundesliga","22","Sun",2025-02-16,"19:30","Heidenheim",0,0.6,"Mainz 05",2,2,15000,"Voith-Arena","Felix Brych","","https://fbref.com/en/matches/ee260489/Heidenheim-Mainz-05-February-16-2025-Bundesliga",8,12
"Fußball-Bundesliga","M","GER",2025,"Bundesliga","23","Fri",2025-02-21,"20:30","Freiburg",5,1.8,"Werder Bremen",0,1.2,34700,"Europa-Park Stadion","Max Burda","","https://fbref.com/en/matches/47e68da4/Freiburg-Werder-Bremen-February-21-2025-Bundesliga",6,17
"Fußball-Bundesliga","M","GER",2025,"Bundesliga","23","Sat",2025-02-22,"15:30","Mainz 05",2,1.2,"St. Pauli",0,0.8,33305,"Mewa Arena","Felix Zwayer","","https://fbref.com/en/matches/c6fc28ec/Mainz-05-St-Pauli-February-22-2025-Bundesliga",12,14
"Fußball-Bundesliga","M","GER",2025,"Bundesliga","23","Sat",2025-02-22,"15:30","Wolfsburg",1,1.6,"Bochum",1,0.8,23772,"Volkswagen Arena","Timo Gerach","","https://fbref.com/en/matches/cec14305/Wolfsburg-Bochum-February-22-2025-Bundesliga",18,3
"Fußball-Bundesliga","M","GER",2025,"Bundesliga","23","Sat",2025-02-22,"15:30","Gladbach",0,1,"Augsburg",3,1.5,51493,"Stadion im Borussia-Park","Florian Exner","","https://fbref.com/en/matches/93560e55/Monchengladbach-Augsburg-February-22-2025-Bundesliga",7,1
"Fußball-Bundesliga","M","GER",2025,"Bundesliga","23","Sat",2025-02-22,"15:30","Holstein Kiel",0,0.3,"Leverkusen",2,1.8,15034,"Holstein-Stadion","Daniel Schlager","","https://fbref.com/en/matches/9f784f25/Holstein-Kiel-Bayer-Leverkusen-February-22-2025-Bundesliga",10,11
"Fußball-Bundesliga","M","GER",2025,"Bundesliga","23","Sat",2025-02-22,"18:30","Dortmund",6,4.8,"Union Berlin",0,0.3,81365,"Signal Iduna Park","Bastian Dankert","","https://fbref.com/en/matches/937a7c71/Dortmund-Union-Berlin-February-22-2025-Bundesliga",4,16
"Fußball-Bundesliga","M","GER",2025,"Bundesliga","23","Sun",2025-02-23,"15:30","RB Leipzig",2,1.9,"Heidenheim",2,0.8,36619,"Red Bull Arena","Martin Petersen","","https://fbref.com/en/matches/9420a8fb/RB-Leipzig-Heidenheim-February-23-2025-Bundesliga",13,8
"Fußball-Bundesliga","M","GER",2025,"Bundesliga","23","Sun",2025-02-23,"17:30","Bayern Munich",4,3.8,"Eint Frankfurt",0,0.5,75000,"Allianz Arena","Sascha Stegemann","","https://fbref.com/en/matches/a994aa80/Bayern-Munich-Eintracht-Frankfurt-February-23-2025-Bundesliga",2,5
"Fußball-Bundesliga","M","GER",2025,"Bundesliga","23","Sun",2025-02-23,"19:30","Hoffenheim",1,1,"Stuttgart",1,2.1,30150,"PreZero Arena","Christian Dingert","","https://fbref.com/en/matches/26c7700f/Hoffenheim-Stuttgart-February-23-2025-Bundesliga",9,15
"Fußball-Bundesliga","M","GER",2025,"Bundesliga","24","Fri",2025-02-28,"20:30","Stuttgart",1,0.9,"Bayern Munich",3,2.2,60000,"MHPArena","Benjamin Brand","","https://fbref.com/en/matches/2359b29d/Stuttgart-Bayern-Munich-February-28-2025-Bundesliga",15,2
"Fußball-Bundesliga","M","GER",2025,"Bundesliga","24","Sat",2025-03-01,"15:30","Werder Bremen",1,1.9,"Wolfsburg",2,0.9,41152,"Weserstadion","Felix Brych","","https://fbref.com/en/matches/445a72d7/Werder-Bremen-Wolfsburg-March-1-2025-Bundesliga",17,18
"Fußball-Bundesliga","M","GER",2025,"Bundesliga","24","Sat",2025-03-01,"15:30","RB Leipzig",1,1.4,"Mainz 05",2,1.5,41406,"Red Bull Arena","Daniel Siebert","","https://fbref.com/en/matches/e49b66ef/RB-Leipzig-Mainz-05-March-1-2025-Bundesliga",13,12
"Fußball-Bundesliga","M","GER",2025,"Bundesliga","24","Sat",2025-03-01,"15:30","Heidenheim",0,1.6,"Gladbach",3,1.8,15000,"Voith-Arena","Sören Storks","","https://fbref.com/en/matches/b63f6c52/Heidenheim-Monchengladbach-March-1-2025-Bundesliga",8,7
"Fußball-Bundesliga","M","GER",2025,"Bundesliga","24","Sat",2025-03-01,"15:30","Bochum",0,0.9,"Hoffenheim",1,0.6,24120,"Vonovia Ruhrstadion","Florian Badstübner","","https://fbref.com/en/matches/4b05dd9f/Bochum-Hoffenheim-March-1-2025-Bundesliga",3,9
"Fußball-Bundesliga","M","GER",2025,"Bundesliga","24","Sat",2025-03-01,"15:30","St. Pauli",0,0.4,"Dortmund",2,1.5,29546,"Millerntor-Stadion","Tobias Stieler","","https://fbref.com/en/matches/e96a9875/St-Pauli-Dortmund-March-1-2025-Bundesliga",14,4
"Fußball-Bundesliga","M","GER",2025,"Bundesliga","24","Sat",2025-03-01,"18:30","Eint Frankfurt",1,1.1,"Leverkusen",4,2,58000,"Deutsche Bank Park","Felix Zwayer","","https://fbref.com/en/matches/3771f9a8/Eintracht-Frankfurt-Bayer-Leverkusen-March-1-2025-Bundesliga",5,11
"Fußball-Bundesliga","M","GER",2025,"Bundesliga","24","Sun",2025-03-02,"15:30","Union Berlin",0,1.2,"Holstein Kiel",1,1,22012,"Stadion An der Alten Försterei","Tobias Reichel","","https://fbref.com/en/matches/f7cc643f/Union-Berlin-Holstein-Kiel-March-2-2025-Bundesliga",16,10
"Fußball-Bundesliga","M","GER",2025,"Bundesliga","24","Sun",2025-03-02,"17:30","Augsburg",0,1.5,"Freiburg",0,0.8,29651,"WWK Arena","Harm Osmers","","https://fbref.com/en/matches/a928bf8e/Augsburg-Freiburg-March-2-2025-Bundesliga",1,6
"Fußball-Bundesliga","M","GER",2025,"Bundesliga","25","Fri",2025-03-07,"20:30","Gladbach",1,1.4,"Mainz 05",3,1.5,51749,"Stadion im Borussia-Park","Sascha Stegemann","","https://fbref.com/en/matches/d430e70c/Monchengladbach-Mainz-05-March-7-2025-Bundesliga",7,12
"Fußball-Bundesliga","M","GER",2025,"Bundesliga","25","Sat",2025-03-08,"15:30","Leverkusen",0,1.6,"Werder Bremen",2,1.1,30210,"BayArena","Tobias Welz","","https://fbref.com/en/matches/ce8580f0/Bayer-Leverkusen-Werder-Bremen-March-8-2025-Bundesliga",11,17
"Fußball-Bundesliga","M","GER",2025,"Bundesliga","25","Sat",2025-03-08,"15:30","Bayern Munich",2,2.4,"Bochum",3,1.1,75000,"Allianz Arena","Christian Dingert","","https://fbref.com/en/matches/dfa28f9b/Bayern-Munich-Bochum-March-8-2025-Bundesliga",2,3
"Fußball-Bundesliga","M","GER",2025,"Bundesliga","25","Sat",2025-03-08,"15:30","Holstein Kiel",2,1.4,"Stuttgart",2,0.8,15034,"Holstein-Stadion","Bastian Dankert","","https://fbref.com/en/matches/55cb7968/Holstein-Kiel-Stuttgart-March-8-2025-Bundesliga",10,15
"Fußball-Bundesliga","M","GER",2025,"Bundesliga","25","Sat",2025-03-08,"15:30","Wolfsburg",1,2,"St. Pauli",1,1.5,28917,"Volkswagen Arena","Robert Hartmann","","https://fbref.com/en/matches/51b3b077/Wolfsburg-St-Pauli-March-8-2025-Bundesliga",18,14
"Fußball-Bundesliga","M","GER",2025,"Bundesliga","25","Sat",2025-03-08,"15:30","Dortmund",0,1.2,"Augsburg",1,0.2,81365,"Signal Iduna Park","Deniz Aytekin","","https://fbref.com/en/matches/52386e22/Dortmund-Augsburg-March-8-2025-Bundesliga",4,1
"Fußball-Bundesliga","M","GER",2025,"Bundesliga","25","Sat",2025-03-08,"18:30","Freiburg",0,0.5,"RB Leipzig",0,1.5,32900,"Europa-Park Stadion","Sven Jablonski","","https://fbref.com/en/matches/2a1c7c5d/Freiburg-RB-Leipzig-March-8-2025-Bundesliga",6,13
"Fußball-Bundesliga","M","GER",2025,"Bundesliga","25","Sun",2025-03-09,"15:30","Eint Frankfurt",1,1.8,"Union Berlin",2,0.9,58000,"Deutsche Bank Park","Frank Willenborg","","https://fbref.com/en/matches/da418224/Eintracht-Frankfurt-Union-Berlin-March-9-2025-Bundesliga",5,16
"Fußball-Bundesliga","M","GER",2025,"Bundesliga","25","Sun",2025-03-09,"17:30","Hoffenheim",1,1.3,"Heidenheim",1,1.2,20814,"PreZero Arena","Daniel Schlager","","https://fbref.com/en/matches/ee204929/Hoffenheim-Heidenheim-March-9-2025-Bundesliga",9,8
"Fußball-Bundesliga","M","GER",2025,"Bundesliga","26","Fri",2025-03-14,"20:30","St. Pauli",1,2,"Hoffenheim",0,0.2,29546,"Millerntor-Stadion","Felix Brych","","https://fbref.com/en/matches/4be7cdcb/St-Pauli-Hoffenheim-March-14-2025-Bundesliga",14,9
"Fußball-Bundesliga","M","GER",2025,"Bundesliga","26","Sat",2025-03-15,"15:30","Union Berlin",1,0.7,"Bayern Munich",1,1.6,22012,"Stadion An der Alten Försterei","Florian Exner","","https://fbref.com/en/matches/aaf55506/Union-Berlin-Bayern-Munich-March-15-2025-Bundesliga",16,2
"Fußball-Bundesliga","M","GER",2025,"Bundesliga","26","Sat",2025-03-15,"15:30","Werder Bremen",2,2.5,"Gladbach",4,2.4,42100,"Weserstadion","Timo Gerach","","https://fbref.com/en/matches/ed2f2d83/Werder-Bremen-Monchengladbach-March-15-2025-Bundesliga",17,7
"Fußball-Bundesliga","M","GER",2025,"Bundesliga","26","Sat",2025-03-15,"15:30","Mainz 05",2,1.3,"Freiburg",2,3.1,33305,"Mewa Arena","Benjamin Brand","","https://fbref.com/en/matches/b1beeafe/Mainz-05-Freiburg-March-15-2025-Bundesliga",12,6
"Fußball-Bundesliga","M","GER",2025,"Bundesliga","26","Sat",2025-03-15,"15:30","Augsburg",1,0.7,"Wolfsburg",0,0.8,28351,"WWK Arena","Martin Petersen","","https://fbref.com/en/matches/33e651f0/Augsburg-Wolfsburg-March-15-2025-Bundesliga",1,18
"Fußball-Bundesliga","M","GER",2025,"Bundesliga","26","Sat",2025-03-15,"18:30","RB Leipzig",2,1.8,"Dortmund",0,3,47800,"Red Bull Arena","Matthias Jöllenbeck","","https://fbref.com/en/matches/abc689ba/RB-Leipzig-Dortmund-March-15-2025-Bundesliga",13,4
"Fußball-Bundesliga","M","GER",2025,"Bundesliga","26","Sun",2025-03-16,"15:30","Bochum",1,1.4,"Eint Frankfurt",3,2.5,26000,"Vonovia Ruhrstadion","Felix Zwayer","","https://fbref.com/en/matches/c34cbccf/Bochum-Eintracht-Frankfurt-March-16-2025-Bundesliga",3,5
"Fußball-Bundesliga","M","GER",2025,"Bundesliga","26","Sun",2025-03-16,"17:30","Heidenheim",3,1.5,"Holstein Kiel",1,1.5,15000,"Voith-Arena","Harm Osmers","","https://fbref.com/en/matches/df0b5d3c/Heidenheim-Holstein-Kiel-March-16-2025-Bundesliga",8,10
"Fußball-Bundesliga","M","GER",2025,"Bundesliga","26","Sun",2025-03-16,"19:30","Stuttgart",3,2.3,"Leverkusen",4,1.7,59000,"MHPArena","Daniel Siebert","","https://fbref.com/en/matches/fb471c62/Stuttgart-Bayer-Leverkusen-March-16-2025-Bundesliga",15,11
"Fußball-Bundesliga","M","GER",2025,"Bundesliga","27","Fri",2025-03-28,"20:30","Leverkusen",3,2,"Bochum",1,0.5,30210,"BayArena","Sven Jablonski","","https://fbref.com/en/matches/b2dc2e55/Bayer-Leverkusen-Bochum-March-28-2025-Bundesliga",11,3
"Fußball-Bundesliga","M","GER",2025,"Bundesliga","27","Sat",2025-03-29,"15:30","Hoffenheim",1,1.4,"Augsburg",1,0.6,21427,"PreZero Arena","Tobias Reichel","","https://fbref.com/en/matches/ac5e7e15/Hoffenheim-Augsburg-March-29-2025-Bundesliga",9,1
"Fußball-Bundesliga","M","GER",2025,"Bundesliga","27","Sat",2025-03-29,"15:30","Holstein Kiel",0,0.5,"Werder Bremen",3,1.8,15034,"Holstein-Stadion","Sascha Stegemann","","https://fbref.com/en/matches/9cc7f833/Holstein-Kiel-Werder-Bremen-March-29-2025-Bundesliga",10,17
"Fußball-Bundesliga","M","GER",2025,"Bundesliga","27","Sat",2025-03-29,"15:30","Gladbach",1,1.8,"RB Leipzig",0,1.3,52358,"Stadion im Borussia-Park","Tobias Stieler","","https://fbref.com/en/matches/bc35ebf6/Monchengladbach-RB-Leipzig-March-29-2025-Bundesliga",7,13
"Fußball-Bundesliga","M","GER",2025,"Bundesliga","27","Sat",2025-03-29,"15:30","Bayern Munich",3,3.5,"St. Pauli",2,1,75000,"Allianz Arena","Florian Badstübner","","https://fbref.com/en/matches/1ab0ff43/Bayern-Munich-St-Pauli-March-29-2025-Bundesliga",2,14
"Fußball-Bundesliga","M","GER",2025,"Bundesliga","27","Sat",2025-03-29,"15:30","Wolfsburg",0,1.3,"Heidenheim",1,1.3,21545,"Volkswagen Arena","Bastian Dankert","","https://fbref.com/en/matches/45215cba/Wolfsburg-Heidenheim-March-29-2025-Bundesliga",18,8
"Fußball-Bundesliga","M","GER",2025,"Bundesliga","27","Sat",2025-03-29,"18:30","Eint Frankfurt",1,3.7,"Stuttgart",0,1.2,58000,"Deutsche Bank Park","Deniz Aytekin","","https://fbref.com/en/matches/f17b1ac5/Eintracht-Frankfurt-Stuttgart-March-29-2025-Bundesliga",5,15
"Fußball-Bundesliga","M","GER",2025,"Bundesliga","27","Sun",2025-03-30,"15:30","Freiburg",1,1.4,"Union Berlin",2,1,34300,"Europa-Park Stadion","Sören Storks","","https://fbref.com/en/matches/f1ea8b17/Freiburg-Union-Berlin-March-30-2025-Bundesliga",6,16
"Fußball-Bundesliga","M","GER",2025,"Bundesliga","27","Sun",2025-03-30,"17:30","Dortmund",3,2.8,"Mainz 05",1,0.8,81365,"Signal Iduna Park","Daniel Schlager","","https://fbref.com/en/matches/170ac3bc/Dortmund-Mainz-05-March-30-2025-Bundesliga",4,12
"Fußball-Bundesliga","M","GER",2025,"Bundesliga","28","Fri",2025-04-04,"20:30","Augsburg",1,0.4,"Bayern Munich",3,2.4,30660,"WWK Arena","Matthias Jöllenbeck","","https://fbref.com/en/matches/6420938b/Augsburg-Bayern-Munich-April-4-2025-Bundesliga",1,2
"Fußball-Bundesliga","M","GER",2025,"Bundesliga","28","Sat",2025-04-05,"15:30","Mainz 05",1,1.8,"Holstein Kiel",1,0.9,32500,"Mewa Arena","Frank Willenborg","","https://fbref.com/en/matches/dbdc6ab0/Mainz-05-Holstein-Kiel-April-5-2025-Bundesliga",12,10
"Fußball-Bundesliga","M","GER",2025,"Bundesliga","28","Sat",2025-04-05,"15:30","RB Leipzig",3,1.6,"Hoffenheim",1,0.9,44478,"Red Bull Arena","Robert Hartmann","","https://fbref.com/en/matches/541c3057/RB-Leipzig-Hoffenheim-April-5-2025-Bundesliga",13,9
"Fußball-Bundesliga","M","GER",2025,"Bundesliga","28","Sat",2025-04-05,"15:30","Freiburg",1,1.8,"Dortmund",4,3.3,34700,"Europa-Park Stadion","Felix Zwayer","","https://fbref.com/en/matches/5bb8bb3d/Freiburg-Dortmund-April-5-2025-Bundesliga",6,4
"Fußball-Bundesliga","M","GER",2025,"Bundesliga","28","Sat",2025-04-05,"15:30","Bochum",0,0.8,"Stuttgart",4,2.8,26000,"Vonovia Ruhrstadion","Felix Brych","","https://fbref.com/en/matches/b223187e/Bochum-Stuttgart-April-5-2025-Bundesliga",3,15
"Fußball-Bundesliga","M","GER",2025,"Bundesliga","28","Sat",2025-04-05,"15:30","Heidenheim",0,1,"Leverkusen",1,0.4,15000,"Voith-Arena","Tobias Stieler","","https://fbref.com/en/matches/0cae3543/Heidenheim-Bayer-Leverkusen-April-5-2025-Bundesliga",8,11
"Fußball-Bundesliga","M","GER",2025,"Bundesliga","28","Sat",2025-04-05,"18:30","Werder Bremen",2,1,"Eint Frankfurt",0,0.5,42100,"Weserstadion","Daniel Siebert","","https://fbref.com/en/matches/109281c0/Werder-Bremen-Eintracht-Frankfurt-April-5-2025-Bundesliga",17,5
"Fußball-Bundesliga","M","GER",2025,"Bundesliga","28","Sun",2025-04-06,"15:30","St. Pauli",1,1.9,"Gladbach",1,0.6,29546,"Millerntor-Stadion","Christian Dingert","","https://fbref.com/en/matches/567410c5/St-Pauli-Monchengladbach-April-6-2025-Bundesliga",14,7
"Fußball-Bundesliga","M","GER",2025,"Bundesliga","28","Sun",2025-04-06,"17:30","Union Berlin",1,1.2,"Wolfsburg",0,1.9,22012,"Stadion An der Alten Försterei","Harm Osmers","","https://fbref.com/en/matches/4d106cd0/Union-Berlin-Wolfsburg-April-6-2025-Bundesliga",16,18
"Fußball-Bundesliga","M","GER",2025,"Bundesliga","29","Fri",2025-04-11,"20:30","Wolfsburg",2,1.6,"RB Leipzig",3,1.3,23070,"Volkswagen Arena","Florian Exner","","https://fbref.com/en/matches/279f61ea/Wolfsburg-RB-Leipzig-April-11-2025-Bundesliga",18,13
"Fußball-Bundesliga","M","GER",2025,"Bundesliga","29","Sat",2025-04-12,"15:30","Hoffenheim",2,1.7,"Mainz 05",0,1.2,30150,"PreZero Arena","Sven Jablonski","","https://fbref.com/en/matches/3ffde43a/Hoffenheim-Mainz-05-April-12-2025-Bundesliga",9,12
"Fußball-Bundesliga","M","GER",2025,"Bundesliga","29","Sat",2025-04-12,"15:30","Gladbach",1,0.7,"Freiburg",2,1.6,53981,"Stadion im Borussia-Park","Deniz Aytekin","","https://fbref.com/en/matches/7909fa1f/Monchengladbach-Freiburg-April-12-2025-Bundesliga",7,6
"Fußball-Bundesliga","M","GER",2025,"Bundesliga","29","Sat",2025-04-12,"15:30","Bochum",1,2.8,"Augsburg",2,1.1,25048,"Vonovia Ruhrstadion","Martin Petersen","","https://fbref.com/en/matches/90ff09ad/Bochum-Augsburg-April-12-2025-Bundesliga",3,1
"Fußball-Bundesliga","M","GER",2025,"Bundesliga","29","Sat",2025-04-12,"15:30","Leverkusen",0,0.8,"Union Berlin",0,0.5,30210,"BayArena","Bastian Dankert","","https://fbref.com/en/matches/05cfe672/Bayer-Leverkusen-Union-Berlin-April-12-2025-Bundesliga",11,16
"Fußball-Bundesliga","M","GER",2025,"Bundesliga","29","Sat",2025-04-12,"15:30","Holstein Kiel",1,0.5,"St. Pauli",2,1.2,15034,"Holstein-Stadion","Benjamin Brand","","https://fbref.com/en/matches/caf45775/Holstein-Kiel-St-Pauli-April-12-2025-Bundesliga",10,14
"Fußball-Bundesliga","M","GER",2025,"Bundesliga","29","Sat",2025-04-12,"18:30","Bayern Munich",2,2.3,"Dortmund",2,1.6,75000,"Allianz Arena","Tobias Welz","","https://fbref.com/en/matches/448aadc2/Der-Klassiker-Bayern-Munich-Dortmund-April-12-2025-Bundesliga",2,4
"Fußball-Bundesliga","M","GER",2025,"Bundesliga","29","Sun",2025-04-13,"15:30","Stuttgart",1,1.7,"Werder Bremen",2,1.5,60000,"MHPArena","Daniel Schlager","","https://fbref.com/en/matches/fa069898/Stuttgart-Werder-Bremen-April-13-2025-Bundesliga",15,17
"Fußball-Bundesliga","M","GER",2025,"Bundesliga","29","Sun",2025-04-13,"17:30","Eint Frankfurt",3,3.7,"Heidenheim",0,1.7,57500,"Deutsche Bank Park","Timo Gerach","","https://fbref.com/en/matches/734c51b1/Eintracht-Frankfurt-Heidenheim-April-13-2025-Bundesliga",5,8
"Fußball-Bundesliga","M","GER",2025,"Bundesliga","3","Fri",2024-09-13,"20:30","Dortmund",4,2.6,"Heidenheim",2,1.8,81365,"Signal Iduna Park","Robert Schröder","","https://fbref.com/en/matches/c19c18dc/Dortmund-Heidenheim-September-13-2024-Bundesliga",4,8
"Fußball-Bundesliga","M","GER",2025,"Bundesliga","3","Sat",2024-09-14,"15:30","RB Leipzig",0,1.3,"Union Berlin",0,0.6,47800,"Red Bull Arena","Sven Jablonski","","https://fbref.com/en/matches/5496aa43/RB-Leipzig-Union-Berlin-September-14-2024-Bundesliga",13,16
"Fußball-Bundesliga","M","GER",2025,"Bundesliga","3","Sat",2024-09-14,"15:30","Gladbach",1,1.6,"Stuttgart",3,2.2,53756,"Stadion im Borussia-Park","Felix Brych","","https://fbref.com/en/matches/571e17c9/Monchengladbach-Stuttgart-September-14-2024-Bundesliga",7,15
"Fußball-Bundesliga","M","GER",2025,"Bundesliga","3","Sat",2024-09-14,"15:30","Freiburg",2,3.7,"Bochum",1,0.9,34100,"Europa-Park Stadion","Daniel Siebert","","https://fbref.com/en/matches/5ad7fdc3/Freiburg-Bochum-September-14-2024-Bundesliga",6,3
"Fußball-Bundesliga","M","GER",2025,"Bundesliga","3","Sat",2024-09-14,"15:30","Wolfsburg",1,1.5,"Eint Frankfurt",2,2.5,26281,"Volkswagen Arena","Harm Osmers","","https://fbref.com/en/matches/c0bc9354/Wolfsburg-Eintracht-Frankfurt-September-14-2024-Bundesliga",18,5
"Fußball-Bundesliga","M","GER",2025,"Bundesliga","3","Sat",2024-09-14,"15:30","Hoffenheim",1,0.9,"Leverkusen",4,3.5,30150,"PreZero Arena","Daniel Schlager","","https://fbref.com/en/matches/e7b9f373/Hoffenheim-Bayer-Leverkusen-September-14-2024-Bundesliga",9,11
"Fußball-Bundesliga","M","GER",2025,"Bundesliga","3","Sat",2024-09-14,"18:30","Holstein Kiel",1,0.3,"Bayern Munich",6,3.2,15034,"Holstein-Stadion","Tobias Reichel","","https://fbref.com/en/matches/728afee1/Holstein-Kiel-Bayern-Munich-September-14-2024-Bundesliga",10,2
"Fußball-Bundesliga","M","GER",2025,"Bundesliga","3","Sun",2024-09-15,"15:30","Augsburg",3,2.7,"St. Pauli",1,0.5,30660,"WWK Arena","Felix Zwayer","","https://fbref.com/en/matches/d0ee2c59/Augsburg-St-Pauli-September-15-2024-Bundesliga",1,14
"Fußball-Bundesliga","M","GER",2025,"Bundesliga","3","Sun",2024-09-15,"17:30","Mainz 05",1,1.1,"Werder Bremen",2,1.6,32000,"Mewa Arena","Benjamin Brand","","https://fbref.com/en/matches/253ece9e/Mainz-05-Werder-Bremen-September-15-2024-Bundesliga",12,17
"Fußball-Bundesliga","M","GER",2025,"Bundesliga","30","Sat",2025-04-19,"15:30","RB Leipzig",1,1.9,"Holstein Kiel",1,0.8,45940,"Red Bull Arena","Felix Brych","","https://fbref.com/en/matches/000fb8fc/RB-Leipzig-Holstein-Kiel-April-19-2025-Bundesliga",13,10
"Fußball-Bundesliga","M","GER",2025,"Bundesliga","30","Sat",2025-04-19,"15:30","Freiburg",3,1.3,"Hoffenheim",2,1.5,34100,"Europa-Park Stadion","Sascha Stegemann","","https://fbref.com/en/matches/20ecf347/Freiburg-Hoffenheim-April-19-2025-Bundesliga",6,9
"Fußball-Bundesliga","M","GER",2025,"Bundesliga","30","Sat",2025-04-19,"15:30","Werder Bremen",1,1.8,"Bochum",0,0.7,42100,"Weserstadion","Robert Schröder","","https://fbref.com/en/matches/8fc6caf7/Werder-Bremen-Bochum-April-19-2025-Bundesliga",17,3
"Fußball-Bundesliga","M","GER",2025,"Bundesliga","30","Sat",2025-04-19,"15:30","Heidenheim",0,0.6,"Bayern Munich",4,3.2,15000,"Voith-Arena","Frank Willenborg","","https://fbref.com/en/matches/16677768/Heidenheim-Bayern-Munich-April-19-2025-Bundesliga",8,2
"Fußball-Bundesliga","M","GER",2025,"Bundesliga","30","Sat",2025-04-19,"15:30","Mainz 05",2,2.7,"Wolfsburg",2,1.6,31500,"Mewa Arena","Felix Zwayer","","https://fbref.com/en/matches/e6a0bf3c/Mainz-05-Wolfsburg-April-19-2025-Bundesliga",12,18
"Fußball-Bundesliga","M","GER",2025,"Bundesliga","30","Sat",2025-04-19,"18:30","Union Berlin",4,1.3,"Stuttgart",4,0.9,22012,"Stadion An der Alten Försterei","Tobias Stieler","","https://fbref.com/en/matches/2730ce86/Union-Berlin-Stuttgart-April-19-2025-Bundesliga",16,15
"Fußball-Bundesliga","M","GER",2025,"Bundesliga","30","Sun",2025-04-20,"15:30","Augsburg",0,0.9,"Eint Frankfurt",0,1.1,30660,"WWK Arena","Florian Badstübner","","https://fbref.com/en/matches/d894af02/Augsburg-Eintracht-Frankfurt-April-20-2025-Bundesliga",1,5
"Fußball-Bundesliga","M","GER",2025,"Bundesliga","30","Sun",2025-04-20,"17:30","Dortmund",3,1.4,"Gladbach",2,1.4,81365,"Signal Iduna Park","Daniel Siebert","","https://fbref.com/en/matches/96810141/Dortmund-Monchengladbach-April-20-2025-Bundesliga",4,7
"Fußball-Bundesliga","M","GER",2025,"Bundesliga","30","Sun",2025-04-20,"19:30","St. Pauli",1,1.1,"Leverkusen",1,0.8,29546,"Millerntor-Stadion","Sören Storks","","https://fbref.com/en/matches/44f5146c/St-Pauli-Bayer-Leverkusen-April-20-2025-Bundesliga",14,11
"Fußball-Bundesliga","M","GER",2025,"Bundesliga","31","Fri",2025-04-25,"20:30","Stuttgart",0,1.8,"Heidenheim",1,0.3,60000,"MHPArena","Tobias Welz","","https://fbref.com/en/matches/7aff3a58/Stuttgart-Heidenheim-April-25-2025-Bundesliga",15,8
"Fußball-Bundesliga","M","GER",2025,"Bundesliga","31","Sat",2025-04-26,"15:30","Hoffenheim",2,1.1,"Dortmund",3,2.6,30150,"PreZero Arena","Benjamin Brand","","https://fbref.com/en/matches/c27495e8/Hoffenheim-Dortmund-April-26-2025-Bundesliga",9,4
"Fußball-Bundesliga","M","GER",2025,"Bundesliga","31","Sat",2025-04-26,"15:30","Bayern Munich",3,1.1,"Mainz 05",0,0.7,75000,"Allianz Arena","Bastian Dankert","","https://fbref.com/en/matches/c8ec6e9b/Bayern-Munich-Mainz-05-April-26-2025-Bundesliga",2,12
"Fußball-Bundesliga","M","GER",2025,"Bundesliga","31","Sat",2025-04-26,"15:30","Leverkusen",2,0.9,"Augsburg",0,0.7,29563,"BayArena","Christian Dingert","","https://fbref.com/en/matches/eda7cf54/Bayer-Leverkusen-Augsburg-April-26-2025-Bundesliga",11,1
"Fußball-Bundesliga","M","GER",2025,"Bundesliga","31","Sat",2025-04-26,"15:30","Holstein Kiel",4,3.5,"Gladbach",3,1.6,15034,"Holstein-Stadion","Robert Hartmann","","https://fbref.com/en/matches/8c788caa/Holstein-Kiel-Monchengladbach-April-26-2025-Bundesliga",10,7
"Fußball-Bundesliga","M","GER",2025,"Bundesliga","31","Sat",2025-04-26,"15:30","Wolfsburg",0,0.3,"Freiburg",1,1.6,23145,"Volkswagen Arena","Sven Jablonski","","https://fbref.com/en/matches/d8e56aa9/Wolfsburg-Freiburg-April-26-2025-Bundesliga",18,6
"Fußball-Bundesliga","M","GER",2025,"Bundesliga","31","Sat",2025-04-26,"18:30","Eint Frankfurt",4,2.1,"RB Leipzig",0,0.4,56500,"Deutsche Bank Park","Matthias Jöllenbeck","","https://fbref.com/en/matches/b7fb0f38/Eintracht-Frankfurt-RB-Leipzig-April-26-2025-Bundesliga",5,13
"Fußball-Bundesliga","M","GER",2025,"Bundesliga","31","Sun",2025-04-27,"15:30","Bochum",1,1.5,"Union Berlin",1,0.3,26000,"Vonovia Ruhrstadion","Deniz Aytekin","","https://fbref.com/en/matches/7b2f198b/Bochum-Union-Berlin-April-27-2025-Bundesliga",3,16
"Fußball-Bundesliga","M","GER",2025,"Bundesliga","31","Sun",2025-04-27,"17:30","Werder Bremen",0,1.1,"St. Pauli",0,0.6,42100,"Weserstadion","Tobias Reichel","","https://fbref.com/en/matches/58168f30/Werder-Bremen-St-Pauli-April-27-2025-Bundesliga",17,14
"Fußball-Bundesliga","M","GER",2025,"Bundesliga","32","Fri",2025-05-02,"20:30","Heidenheim",0,0.7,"Bochum",0,1.3,15000,"Voith-Arena","Sascha Stegemann","","https://fbref.com/en/matches/99708bc3/Heidenheim-Bochum-May-2-2025-Bundesliga",8,3
"Fußball-Bundesliga","M","GER",2025,"Bundesliga","32","Sat",2025-05-03,"15:30","St. Pauli",0,0.4,"Stuttgart",1,2.7,29546,"Millerntor-Stadion","Florian Exner","","https://fbref.com/en/matches/922a1743/St-Pauli-Stuttgart-May-3-2025-Bundesliga",14,15
"Fußball-Bundesliga","M","GER",2025,"Bundesliga","32","Sat",2025-05-03,"15:30","Gladbach",4,1.4,"Hoffenheim",4,1.8,52000,"Stadion im Borussia-Park","Frank Willenborg","","https://fbref.com/en/matches/66ab948b/Monchengladbach-Hoffenheim-May-3-2025-Bundesliga",7,9
"Fußball-Bundesliga","M","GER",2025,"Bundesliga","32","Sat",2025-05-03,"15:30","RB Leipzig",3,1.2,"Bayern Munich",3,1.6,47800,"Red Bull Arena","Felix Zwayer","","https://fbref.com/en/matches/332c0ad2/RB-Leipzig-Bayern-Munich-May-3-2025-Bundesliga",13,2
"Fußball-Bundesliga","M","GER",2025,"Bundesliga","32","Sat",2025-05-03,"15:30","Union Berlin",2,1.5,"Werder Bremen",2,1.6,22012,"Stadion An der Alten Försterei","Sören Storks","","https://fbref.com/en/matches/0ae221aa/Union-Berlin-Werder-Bremen-May-3-2025-Bundesliga",16,17
"Fußball-Bundesliga","M","GER",2025,"Bundesliga","32","Sat",2025-05-03,"18:30","Dortmund",4,2.4,"Wolfsburg",0,0.7,81365,"Signal Iduna Park","Felix Brych","","https://fbref.com/en/matches/f7ead844/Dortmund-Wolfsburg-May-3-2025-Bundesliga",4,18
"Fußball-Bundesliga","M","GER",2025,"Bundesliga","32","Sun",2025-05-04,"15:30","Augsburg",1,3.2,"Holstein Kiel",3,1.7,28660,"WWK Arena","Harm Osmers","","https://fbref.com/en/matches/c306cc96/Augsburg-Holstein-Kiel-May-4-2025-Bundesliga",1,10
"Fußball-Bundesliga","M","GER",2025,"Bundesliga","32","Sun",2025-05-04,"17:30","Freiburg",2,0.9,"Leverkusen",2,0.3,34700,"Europa-Park Stadion","Daniel Siebert","","https://fbref.com/en/matches/96a2ca0c/Freiburg-Bayer-Leverkusen-May-4-2025-Bundesliga",6,11
"Fußball-Bundesliga","M","GER",2025,"Bundesliga","32","Sun",2025-05-04,"19:30","Mainz 05",1,1.4,"Eint Frankfurt",1,1.3,33305,"Mewa Arena","Martin Petersen","","https://fbref.com/en/matches/52b3b191/Mainz-05-Eintracht-Frankfurt-May-4-2025-Bundesliga",12,5
"Fußball-Bundesliga","M","GER",2025,"Bundesliga","33","Fri",2025-05-09,"20:30","Wolfsburg",2,1,"Hoffenheim",2,1.4,20145,"Volkswagen Arena","Matthias Jöllenbeck","","https://fbref.com/en/matches/8848ad08/Wolfsburg-Hoffenheim-May-9-2025-Bundesliga",18,9
"Fußball-Bundesliga","M","GER",2025,"Bundesliga","33","Sat",2025-05-10,"15:30","Bochum",1,0.9,"Mainz 05",4,1.5,26000,"Vonovia Ruhrstadion","Tobias Stieler","","https://fbref.com/en/matches/77e2bfdb/Bochum-Mainz-05-May-10-2025-Bundesliga",3,12
"Fußball-Bundesliga","M","GER",2025,"Bundesliga","33","Sat",2025-05-10,"15:30","Werder Bremen",0,2,"RB Leipzig",0,1.7,41000,"Weserstadion","Bastian Dankert","","https://fbref.com/en/matches/d240d0af/Werder-Bremen-RB-Leipzig-May-10-2025-Bundesliga",17,13
"Fußball-Bundesliga","M","GER",2025,"Bundesliga","33","Sat",2025-05-10,"15:30","Holstein Kiel",1,1,"Freiburg",2,1.4,15034,"Holstein-Stadion","Robert Schröder","","https://fbref.com/en/matches/54765c32/Holstein-Kiel-Freiburg-May-10-2025-Bundesliga",10,6
"Fußball-Bundesliga","M","GER",2025,"Bundesliga","33","Sat",2025-05-10,"15:30","Union Berlin",0,0.5,"Heidenheim",3,1.1,22000,"Stadion An der Alten Försterei","Florian Badstübner","","https://fbref.com/en/matches/93fc8379/Union-Berlin-Heidenheim-May-10-2025-Bundesliga",16,8
"Fußball-Bundesliga","M","GER",2025,"Bundesliga","33","Sat",2025-05-10,"18:30","Bayern Munich",2,2.5,"Gladbach",0,1.6,75000,"Allianz Arena","Sven Jablonski","","https://fbref.com/en/matches/ec9d955b/Bayern-Munich-Monchengladbach-May-10-2025-Bundesliga",2,7
"Fußball-Bundesliga","M","GER",2025,"Bundesliga","33","Sun",2025-05-11,"15:30","Leverkusen",2,2.2,"Dortmund",4,1.2,30210,"BayArena","Deniz Aytekin","","https://fbref.com/en/matches/fe0fd091/Bayer-Leverkusen-Dortmund-May-11-2025-Bundesliga",11,4
"Fußball-Bundesliga","M","GER",2025,"Bundesliga","33","Sun",2025-05-11,"17:30","Eint Frankfurt",2,1.7,"St. Pauli",2,0.8,58000,"Deutsche Bank Park","Christian Dingert","","https://fbref.com/en/matches/1d23b7b3/Eintracht-Frankfurt-St-Pauli-May-11-2025-Bundesliga",5,14
"Fußball-Bundesliga","M","GER",2025,"Bundesliga","33","Sun",2025-05-11,"19:30","Stuttgart",4,3.9,"Augsburg",0,0.5,59000,"MHPArena","Timo Gerach","","https://fbref.com/en/matches/fe881f9c/Stuttgart-Augsburg-May-11-2025-Bundesliga",15,1
"Fußball-Bundesliga","M","GER",2025,"Bundesliga","34","Sat",2025-05-17,"15:30","RB Leipzig",2,1.1,"Stuttgart",3,2.6,47800,"Red Bull Arena","Daniel Siebert","","https://fbref.com/en/matches/e457ba22/RB-Leipzig-Stuttgart-May-17-2025-Bundesliga",13,15
"Fußball-Bundesliga","M","GER",2025,"Bundesliga","34","Sat",2025-05-17,"15:30","Gladbach",0,1,"Wolfsburg",1,1.7,53048,"Stadion im Borussia-Park","Sascha Stegemann","","https://fbref.com/en/matches/8600012e/Monchengladbach-Wolfsburg-May-17-2025-Bundesliga",7,18
"Fußball-Bundesliga","M","GER",2025,"Bundesliga","34","Sat",2025-05-17,"15:30","Heidenheim",1,1.6,"Werder Bremen",4,2.2,15000,"Voith-Arena","Tobias Welz","","https://fbref.com/en/matches/6509021f/Heidenheim-Werder-Bremen-May-17-2025-Bundesliga",8,17
"Fußball-Bundesliga","M","GER",2025,"Bundesliga","34","Sat",2025-05-17,"15:30","St. Pauli",0,0.8,"Bochum",2,1.3,29546,"Millerntor-Stadion","Felix Zwayer","","https://fbref.com/en/matches/f8aa5a5b/St-Pauli-Bochum-May-17-2025-Bundesliga",14,3
"Fußball-Bundesliga","M","GER",2025,"Bundesliga","34","Sat",2025-05-17,"15:30","Freiburg",1,0.7,"Eint Frankfurt",3,2,34700,"Europa-Park Stadion","Benjamin Brand","","https://fbref.com/en/matches/b4e069ab/Freiburg-Eintracht-Frankfurt-May-17-2025-Bundesliga",6,5
"Fußball-Bundesliga","M","GER",2025,"Bundesliga","34","Sat",2025-05-17,"15:30","Augsburg",1,1.7,"Union Berlin",2,0.8,30660,"WWK Arena","Felix Brych","","https://fbref.com/en/matches/3201dcb5/Augsburg-Union-Berlin-May-17-2025-Bundesliga",1,16
"Fußball-Bundesliga","M","GER",2025,"Bundesliga","34","Sat",2025-05-17,"15:30","Mainz 05",2,3.1,"Leverkusen",2,1.2,33305,"Mewa Arena","Tobias Reichel","","https://fbref.com/en/matches/1e213908/Mainz-05-Bayer-Leverkusen-May-17-2025-Bundesliga",12,11
"Fußball-Bundesliga","M","GER",2025,"Bundesliga","34","Sat",2025-05-17,"15:30","Dortmund",3,2.4,"Holstein Kiel",0,0.8,81365,"Signal Iduna Park","Harm Osmers","","https://fbref.com/en/matches/1bb6490a/Dortmund-Holstein-Kiel-May-17-2025-Bundesliga",4,10
"Fußball-Bundesliga","M","GER",2025,"Bundesliga","34","Sat",2025-05-17,"15:30","Hoffenheim",0,0.4,"Bayern Munich",4,1.4,30150,"PreZero Arena","Daniel Schlager","","https://fbref.com/en/matches/0d8a2ebf/Hoffenheim-Bayern-Munich-May-17-2025-Bundesliga",9,2
"Fußball-Bundesliga","M","GER",2025,"Bundesliga","4","Fri",2024-09-20,"20:30","Augsburg",2,2.4,"Mainz 05",3,1,28913,"WWK Arena","Sören Storks","","https://fbref.com/en/matches/72461171/Augsburg-Mainz-05-September-20-2024-Bundesliga",1,12
"Fußball-Bundesliga","M","GER",2025,"Bundesliga","4","Sat",2024-09-21,"15:30","Union Berlin",2,1.2,"Hoffenheim",1,0.4,21831,"Stadion An der Alten Försterei","Matthias Jöllenbeck","","https://fbref.com/en/matches/204b5cf0/Union-Berlin-Hoffenheim-September-21-2024-Bundesliga",16,9
"Fußball-Bundesliga","M","GER",2025,"Bundesliga","4","Sat",2024-09-21,"15:30","Bochum",2,0.8,"Holstein Kiel",2,1.9,26000,"Vonovia Ruhrstadion","Martin Petersen","","https://fbref.com/en/matches/b8e02820/Bochum-Holstein-Kiel-September-21-2024-Bundesliga",3,10
"Fußball-Bundesliga","M","GER",2025,"Bundesliga","4","Sat",2024-09-21,"15:30","Heidenheim",0,0.7,"Freiburg",3,1.4,15000,"Voith-Arena","Benjamin Brand","","https://fbref.com/en/matches/157d560f/Heidenheim-Freiburg-September-21-2024-Bundesliga",8,6
"Fußball-Bundesliga","M","GER",2025,"Bundesliga","4","Sat",2024-09-21,"15:30","Werder Bremen",0,0,"Bayern Munich",5,3,42100,"Weserstadion","Bastian Dankert","","https://fbref.com/en/matches/f4a4421c/Werder-Bremen-Bayern-Munich-September-21-2024-Bundesliga",17,2
"Fußball-Bundesliga","M","GER",2025,"Bundesliga","4","Sat",2024-09-21,"18:30","Eint Frankfurt",2,2.7,"Gladbach",0,1.7,58000,"Deutsche Bank Park","Tobias Welz","","https://fbref.com/en/matches/71024b44/Eintracht-Frankfurt-Monchengladbach-September-21-2024-Bundesliga",5,7
"Fußball-Bundesliga","M","GER",2025,"Bundesliga","4","Sun",2024-09-22,"15:30","Leverkusen",4,1.9,"Wolfsburg",3,0.7,29250,"BayArena","Sascha Stegemann","","https://fbref.com/en/matches/f247334b/Bayer-Leverkusen-Wolfsburg-September-22-2024-Bundesliga",11,18
"Fußball-Bundesliga","M","GER",2025,"Bundesliga","4","Sun",2024-09-22,"17:30","Stuttgart",5,3.4,"Dortmund",1,0.7,60000,"MHPArena","Florian Badstübner","","https://fbref.com/en/matches/ddfcf507/Stuttgart-Dortmund-September-22-2024-Bundesliga",15,4
"Fußball-Bundesliga","M","GER",2025,"Bundesliga","4","Sun",2024-09-22,"19:30","St. Pauli",0,1.4,"RB Leipzig",0,0.7,29251,"Millerntor-Stadion","Robert Hartmann","","https://fbref.com/en/matches/4e23f1b6/St-Pauli-RB-Leipzig-September-22-2024-Bundesliga",14,13
"Fußball-Bundesliga","M","GER",2025,"Bundesliga","5","Fri",2024-09-27,"20:30","Dortmund",4,3.2,"Bochum",2,1.3,81365,"Signal Iduna Park","Felix Brych","","https://fbref.com/en/matches/bf284236/Dortmund-Bochum-September-27-2024-Bundesliga",4,3
"Fußball-Bundesliga","M","GER",2025,"Bundesliga","5","Sat",2024-09-28,"15:30","Mainz 05",0,0.6,"Heidenheim",2,1.2,31500,"Mewa Arena","Florian Exner","","https://fbref.com/en/matches/fc9efe43/Mainz-05-Heidenheim-September-28-2024-Bundesliga",12,8
"Fußball-Bundesliga","M","GER",2025,"Bundesliga","5","Sat",2024-09-28,"15:30","Freiburg",0,1.2,"St. Pauli",3,1.1,34700,"Europa-Park Stadion","Timo Gerach","","https://fbref.com/en/matches/c2910931/Freiburg-St-Pauli-September-28-2024-Bundesliga",6,14
"Fußball-Bundesliga","M","GER",2025,"Bundesliga","5","Sat",2024-09-28,"15:30","RB Leipzig",4,3,"Augsburg",0,1.1,44407,"Red Bull Arena","Daniel Siebert","","https://fbref.com/en/matches/98d6a4cb/RB-Leipzig-Augsburg-September-28-2024-Bundesliga",13,1
"Fußball-Bundesliga","M","GER",2025,"Bundesliga","5","Sat",2024-09-28,"15:30","Gladbach",1,0.9,"Union Berlin",0,0.7,53056,"Stadion im Borussia-Park","Daniel Schlager","","https://fbref.com/en/matches/a1a2f716/Monchengladbach-Union-Berlin-September-28-2024-Bundesliga",7,16
"Fußball-Bundesliga","M","GER",2025,"Bundesliga","5","Sat",2024-09-28,"15:30","Wolfsburg",2,1.1,"Stuttgart",2,1.8,27135,"Volkswagen Arena","Sven Jablonski","","https://fbref.com/en/matches/d72309cf/Wolfsburg-Stuttgart-September-28-2024-Bundesliga",18,15
"Fußball-Bundesliga","M","GER",2025,"Bundesliga","5","Sat",2024-09-28,"18:30","Bayern Munich",1,1.4,"Leverkusen",1,0.1,75000,"Allianz Arena","Felix Zwayer","","https://fbref.com/en/matches/ea3571c5/Bayern-Munich-Bayer-Leverkusen-September-28-2024-Bundesliga",2,11
"Fußball-Bundesliga","M","GER",2025,"Bundesliga","5","Sun",2024-09-29,"15:30","Holstein Kiel",2,1.1,"Eint Frankfurt",4,2.1,15034,"Holstein-Stadion","Tobias Stieler","","https://fbref.com/en/matches/791f7734/Holstein-Kiel-Eintracht-Frankfurt-September-29-2024-Bundesliga",10,5
"Fußball-Bundesliga","M","GER",2025,"Bundesliga","5","Sun",2024-09-29,"17:30","Hoffenheim",3,1.2,"Werder Bremen",4,2.9,26018,"PreZero Arena","Tobias Reichel","","https://fbref.com/en/matches/a0e9bb68/Hoffenheim-Werder-Bremen-September-29-2024-Bundesliga",9,17
"Fußball-Bundesliga","M","GER",2025,"Bundesliga","6","Fri",2024-10-04,"20:30","Augsburg",2,1.3,"Gladbach",1,0.5,30660,"WWK Arena","Florian Badstübner","","https://fbref.com/en/matches/dd751497/Augsburg-Monchengladbach-October-4-2024-Bundesliga",1,7
"Fußball-Bundesliga","M","GER",2025,"Bundesliga","6","Sat",2024-10-05,"15:30","Bochum",1,1.7,"Wolfsburg",3,2.4,24630,"Vonovia Ruhrstadion","Max Burda","","https://fbref.com/en/matches/ecd2d8d1/Bochum-Wolfsburg-October-5-2024-Bundesliga",3,18
"Fußball-Bundesliga","M","GER",2025,"Bundesliga","6","Sat",2024-10-05,"15:30","Union Berlin",2,1.5,"Dortmund",1,0.7,22012,"Stadion An der Alten Försterei","Tobias Reichel","","https://fbref.com/en/matches/5716e53f/Union-Berlin-Dortmund-October-5-2024-Bundesliga",16,4
"Fußball-Bundesliga","M","GER",2025,"Bundesliga","6","Sat",2024-10-05,"15:30","Werder Bremen",0,1,"Freiburg",1,1,41200,"Weserstadion","Tobias Welz","","https://fbref.com/en/matches/b6ae6f08/Werder-Bremen-Freiburg-October-5-2024-Bundesliga",17,6
"Fußball-Bundesliga","M","GER",2025,"Bundesliga","6","Sat",2024-10-05,"15:30","Leverkusen",2,2.1,"Holstein Kiel",2,1.6,30210,"BayArena","Robert Hartmann","","https://fbref.com/en/matches/cb256282/Bayer-Leverkusen-Holstein-Kiel-October-5-2024-Bundesliga",11,10
"Fußball-Bundesliga","M","GER",2025,"Bundesliga","6","Sat",2024-10-05,"18:30","St. Pauli",0,1,"Mainz 05",3,1.1,29546,"Millerntor-Stadion","Christian Dingert","","https://fbref.com/en/matches/48a230e5/St-Pauli-Mainz-05-October-5-2024-Bundesliga",14,12
"Fußball-Bundesliga","M","GER",2025,"Bundesliga","6","Sun",2024-10-06,"15:30","Heidenheim",0,1,"RB Leipzig",1,1.4,15000,"Voith-Arena","Sascha Stegemann","","https://fbref.com/en/matches/8f593aee/Heidenheim-RB-Leipzig-October-6-2024-Bundesliga",8,13
"Fußball-Bundesliga","M","GER",2025,"Bundesliga","6","Sun",2024-10-06,"17:30","Eint Frankfurt",3,1.2,"Bayern Munich",3,2.2,58000,"Deutsche Bank Park","Benjamin Brand","","https://fbref.com/en/matches/47b6b5b9/Eintracht-Frankfurt-Bayern-Munich-October-6-2024-Bundesliga",5,2
"Fußball-Bundesliga","M","GER",2025,"Bundesliga","6","Sun",2024-10-06,"19:30","Stuttgart",1,1.9,"Hoffenheim",1,0.9,58000,"MHPArena","Harm Osmers","","https://fbref.com/en/matches/122852eb/Stuttgart-Hoffenheim-October-6-2024-Bundesliga",15,9
"Fußball-Bundesliga","M","GER",2025,"Bundesliga","7","Fri",2024-10-18,"20:30","Dortmund",2,2.6,"St. Pauli",1,0.6,81365,"Signal Iduna Park","Matthias Jöllenbeck","","https://fbref.com/en/matches/3a6031d4/Dortmund-St-Pauli-October-18-2024-Bundesliga",4,14
"Fußball-Bundesliga","M","GER",2025,"Bundesliga","7","Sat",2024-10-19,"15:30","Leverkusen",2,3.8,"Eint Frankfurt",1,1.9,30210,"BayArena","Felix Brych","","https://fbref.com/en/matches/1766e653/Bayer-Leverkusen-Eintracht-Frankfurt-October-19-2024-Bundesliga",11,5
"Fußball-Bundesliga","M","GER",2025,"Bundesliga","7","Sat",2024-10-19,"15:30","Mainz 05",0,0.6,"RB Leipzig",2,1.9,30100,"Mewa Arena","Felix Zwayer","","https://fbref.com/en/matches/11e680f6/Mainz-05-RB-Leipzig-October-19-2024-Bundesliga",12,13
"Fußball-Bundesliga","M","GER",2025,"Bundesliga","7","Sat",2024-10-19,"15:30","Freiburg",3,0.8,"Augsburg",1,0.6,33500,"Europa-Park Stadion","Bastian Dankert","","https://fbref.com/en/matches/19da909f/Freiburg-Augsburg-October-19-2024-Bundesliga",6,1
"Fußball-Bundesliga","M","GER",2025,"Bundesliga","7","Sat",2024-10-19,"15:30","Hoffenheim",3,2.5,"Bochum",1,2.7,19281,"PreZero Arena","Sören Storks","","https://fbref.com/en/matches/70f3717a/Hoffenheim-Bochum-October-19-2024-Bundesliga",9,3
"Fußball-Bundesliga","M","GER",2025,"Bundesliga","7","Sat",2024-10-19,"15:30","Gladbach",3,3.6,"Heidenheim",2,2,50000,"Stadion im Borussia-Park","Daniel Siebert","","https://fbref.com/en/matches/e0c0a8fe/Monchengladbach-Heidenheim-October-19-2024-Bundesliga",7,8
"Fußball-Bundesliga","M","GER",2025,"Bundesliga","7","Sat",2024-10-19,"18:30","Bayern Munich",4,3.2,"Stuttgart",0,0.5,75000,"Allianz Arena","Tobias Stieler","","https://fbref.com/en/matches/7562a0c2/Bayern-Munich-Stuttgart-October-19-2024-Bundesliga",2,15
"Fußball-Bundesliga","M","GER",2025,"Bundesliga","7","Sun",2024-10-20,"15:30","Holstein Kiel",0,1.3,"Union Berlin",2,1.1,15034,"Holstein-Stadion","Timo Gerach","","https://fbref.com/en/matches/49aa197e/Holstein-Kiel-Union-Berlin-October-20-2024-Bundesliga",10,16
"Fußball-Bundesliga","M","GER",2025,"Bundesliga","7","Sun",2024-10-20,"17:30","Wolfsburg",2,1.8,"Werder Bremen",4,2,28917,"Volkswagen Arena","Daniel Schlager","","https://fbref.com/en/matches/afaee823/Wolfsburg-Werder-Bremen-October-20-2024-Bundesliga",18,17
"Fußball-Bundesliga","M","GER",2025,"Bundesliga","8","Fri",2024-10-25,"20:30","Mainz 05",1,1.7,"Gladbach",1,0.7,33000,"Mewa Arena","Martin Petersen","","https://fbref.com/en/matches/ad43a11c/Mainz-05-Monchengladbach-October-25-2024-Bundesliga",12,7
"Fußball-Bundesliga","M","GER",2025,"Bundesliga","8","Sat",2024-10-26,"15:30","St. Pauli",0,0.8,"Wolfsburg",0,1.1,29546,"Millerntor-Stadion","Tobias Reichel","","https://fbref.com/en/matches/75894bbc/St-Pauli-Wolfsburg-October-26-2024-Bundesliga",14,18
"Fußball-Bundesliga","M","GER",2025,"Bundesliga","8","Sat",2024-10-26,"15:30","Stuttgart",2,1.6,"Holstein Kiel",1,0.5,59000,"MHPArena","Robert Hartmann","","https://fbref.com/en/matches/1cd904a3/Stuttgart-Holstein-Kiel-October-26-2024-Bundesliga",15,10
"Fußball-Bundesliga","M","GER",2025,"Bundesliga","8","Sat",2024-10-26,"15:30","Augsburg",2,0.6,"Dortmund",1,1,30660,"WWK Arena","Tobias Welz","","https://fbref.com/en/matches/5c672984/Augsburg-Dortmund-October-26-2024-Bundesliga",1,4
"Fußball-Bundesliga","M","GER",2025,"Bundesliga","8","Sat",2024-10-26,"15:30","RB Leipzig",3,1.8,"Freiburg",1,1.7,45908,"Red Bull Arena","Sven Jablonski","","https://fbref.com/en/matches/e12d2336/RB-Leipzig-Freiburg-October-26-2024-Bundesliga",13,6
"Fußball-Bundesliga","M","GER",2025,"Bundesliga","8","Sat",2024-10-26,"18:30","Werder Bremen",2,1.6,"Leverkusen",2,1.3,42100,"Weserstadion","Florian Badstübner","","https://fbref.com/en/matches/7c95858c/Werder-Bremen-Bayer-Leverkusen-October-26-2024-Bundesliga",17,11
"Fußball-Bundesliga","M","GER",2025,"Bundesliga","8","Sun",2024-10-27,"15:30","Bochum",0,0.6,"Bayern Munich",5,2.2,26000,"Vonovia Ruhrstadion","Florian Exner","","https://fbref.com/en/matches/47698a8f/Bochum-Bayern-Munich-October-27-2024-Bundesliga",3,2
"Fußball-Bundesliga","M","GER",2025,"Bundesliga","8","Sun",2024-10-27,"17:30","Union Berlin",1,1.4,"Eint Frankfurt",1,1.5,22012,"Stadion An der Alten Försterei","Harm Osmers","","https://fbref.com/en/matches/90526971/Union-Berlin-Eintracht-Frankfurt-October-27-2024-Bundesliga",16,5
"Fußball-Bundesliga","M","GER",2025,"Bundesliga","8","Sun",2024-10-27,"19:30","Heidenheim",0,1.5,"Hoffenheim",0,0.7,15000,"Voith-Arena","Christian Dingert","","https://fbref.com/en/matches/fc665c18/Heidenheim-Hoffenheim-October-27-2024-Bundesliga",8,9
"Fußball-Bundesliga","M","GER",2025,"Bundesliga","9","Fri",2024-11-01,"20:30","Leverkusen",0,2.2,"Stuttgart",0,0.3,30210,"BayArena","Daniel Siebert","","https://fbref.com/en/matches/c803a5eb/Bayer-Leverkusen-Stuttgart-November-1-2024-Bundesliga",11,15
"Fußball-Bundesliga","M","GER",2025,"Bundesliga","9","Sat",2024-11-02,"15:30","Wolfsburg",1,1.2,"Augsburg",1,0.5,22654,"Volkswagen Arena","Felix Brych","","https://fbref.com/en/matches/41c73b44/Wolfsburg-Augsburg-November-2-2024-Bundesliga",18,1
"Fußball-Bundesliga","M","GER",2025,"Bundesliga","9","Sat",2024-11-02,"15:30","Bayern Munich",3,2.5,"Union Berlin",0,0.5,75000,"Allianz Arena","Matthias Jöllenbeck","","https://fbref.com/en/matches/61af44e4/Bayern-Munich-Union-Berlin-November-2-2024-Bundesliga",2,16
"Fußball-Bundesliga","M","GER",2025,"Bundesliga","9","Sat",2024-11-02,"15:30","Eint Frankfurt",7,3.5,"Bochum",2,1.8,58000,"Deutsche Bank Park","Daniel Schlager","","https://fbref.com/en/matches/f5fc1b23/Eintracht-Frankfurt-Bochum-November-2-2024-Bundesliga",5,3
"Fußball-Bundesliga","M","GER",2025,"Bundesliga","9","Sat",2024-11-02,"15:30","Holstein Kiel",1,1.1,"Heidenheim",0,1.2,14405,"Holstein-Stadion","Frank Willenborg","","https://fbref.com/en/matches/a51846c1/Holstein-Kiel-Heidenheim-November-2-2024-Bundesliga",10,8
"Fußball-Bundesliga","M","GER",2025,"Bundesliga","9","Sat",2024-11-02,"15:30","Hoffenheim",0,0.7,"St. Pauli",2,0.9,26199,"PreZero Arena","Sascha Stegemann","","https://fbref.com/en/matches/2e0fc0d2/Hoffenheim-St-Pauli-November-2-2024-Bundesliga",9,14
"Fußball-Bundesliga","M","GER",2025,"Bundesliga","9","Sat",2024-11-02,"18:30","Dortmund",2,2,"RB Leipzig",1,0.5,81365,"Signal Iduna Park","Tobias Stieler","","https://fbref.com/en/matches/7756d7d5/Dortmund-RB-Leipzig-November-2-2024-Bundesliga",4,13
"Fußball-Bundesliga","M","GER",2025,"Bundesliga","9","Sun",2024-11-03,"15:30","Freiburg",0,0.8,"Mainz 05",0,0.5,34400,"Europa-Park Stadion","Benjamin Brand","","https://fbref.com/en/matches/86485b52/Freiburg-Mainz-05-November-3-2024-Bundesliga",6,12
"Fußball-Bundesliga","M","GER",2025,"Bundesliga","9","Sun",2024-11-03,"17:30","Gladbach",4,2.5,"Werder Bremen",1,1.4,54042,"Stadion im Borussia-Park","Bastian Dankert","","https://fbref.com/en/matches/b9ce1157/Monchengladbach-Werder-Bremen-November-3-2024-Bundesliga",7,17
